-1.18585,-0.63566,-0.9394299999999999,0.66419,1.0014100000000001,-0.89964,0.27299,1.72374,-0.57633,-0.961,-0.05945,0.1779,0.82009,-1.4203299999999999,1.02217,1.5407799999999998,0.10659,0.13874,1.2023700000000002,-0.75068,-1.0275,-1.3426200000000001,-1.33081,-1.87647,0.67905,-1.5576,0.7854899999999999,0.15534,-1.53883,0.94978,0.8526799999999999,1.15119,-0.8799799999999999,-1.26833,0.6565,0.13282,0.58239,-0.1239,-1.4001,0.8523799999999999,0.30855,-1.74712,2.4403900000000003,-0.88569,1.38086,-1.21379,0.35233000000000003,-0.14790999999999999,-1.34407,-1.4083299999999999
0.66372,-0.8487100000000001,-0.5271399999999999,-0.08025,0.37874,-0.93163,-1.34401,3.04613,-1.52664,0.8457600000000001,-0.23348000000000002,-0.25779,-0.34928000000000003,0.94306,1.56387,0.22701,-0.88084,0.66643,-1.39862,-1.49511,-0.65574,-1.59753,0.9552799999999999,0.31243000000000004,0.58829,-0.38706,0.71092,-1.2381,1.52013,0.6096699999999999,-0.27706,0.6797,1.46658,0.77613,-1.0642399999999999,1.6527,0.66794,0.63341,0.41967,-1.3098299999999998,0.36589,-0.36923,1.58265,0.50745,-0.63354,-2.42735,0.039310000000000005,-0.5512199999999999,0.47728999999999994,-1.7024700000000001
-2.0003599999999997,0.8554799999999999,-0.57233,-2.06164,-0.8042100000000001,0.09227,-0.25035,-0.02263,1.83559,-1.28166,0.8356399999999999,-1.25765,0.6574300000000001,0.08766,0.6866399999999999,0.88321,-0.97985,1.44436,0.08105,0.62167,0.70524,0.80065,0.24486,-0.23618000000000003,0.06138,-0.7359399999999999,0.09043999999999999,1.54583,0.05479,0.26531,0.78228,0.48978999999999995,0.41718999999999995,-1.70225,0.48055,-0.08407,0.51303,-1.92314,0.64485,2.65575,0.7897,1.10148,-0.9424899999999999,-1.26433,1.0071,0.60296,1.92366,-0.284,0.73278,0.7975399999999999
-0.97096,-1.76728,-1.5354299999999999,-3.66819,0.26353000000000004,0.85039,-0.7264,-0.74568,2.03938,0.45109,-0.5313899999999999,-3.8326300000000004,-1.7550299999999999,3.9070400000000003,0.16229000000000002,-0.8114399999999999,-1.23225,2.94658,-0.8734799999999999,-0.50352,-0.2794,1.48058,1.3892,0.07983,-1.9638200000000001,-1.03903,0.57117,2.6572400000000003,1.19134,0.89774,1.7362400000000002,0.06746,1.1720899999999999,-2.06445,-0.79459,2.33652,0.50812,-0.37968,1.34782,1.34283,1.30255,1.1176,-2.0848299999999997,2.03972,-1.21354,0.13402,1.23366,-0.91415,-0.79259,1.18745
-1.53824,0.76343,-0.40309,-1.30497,-0.92704,-0.74954,-0.5362899999999999,1.48623,0.73388,-0.99359,0.69828,-0.28486,0.81692,-0.37162,1.42127,1.1031,-0.76302,0.8769899999999999,0.00899,0.23656999999999997,0.4738,-0.061989999999999996,0.30514,-0.23496999999999998,0.7187,-0.51193,0.0483,0.07925,0.3636,0.27591,0.22183000000000003,0.4668,0.36311,-0.71862,0.33831,-0.08319,0.7517699999999999,-1.6552900000000002,0.3522,1.8634,0.48178000000000004,1.00702,0.31485,-1.6085399999999999,0.88305,-0.30675,1.59394,-0.09087999999999999,1.1987700000000001,0.015119999999999998
-0.6945399999999999,-2.51673,-1.59914,-1.1709100000000001,0.8670200000000001,-1.14355,-0.38709,2.16893,-0.37668,0.35113,-1.11246,-1.42363,-1.00427,1.6914099999999999,1.51122,0.36075,0.027160000000000004,1.28492,0.58482,-1.3793,-1.51405,-0.67893,0.02011,-1.4925899999999999,-0.5666800000000001,-1.42567,0.72813,0.0065,-0.07005,1.34806,1.26867,0.37003,-0.48733999999999994,-0.98613,-0.249,1.8244900000000002,1.0137,0.36755,-0.70689,0.2566,0.5404399999999999,-0.48851999999999995,1.81407,0.97206,-0.5428,-1.6609099999999999,0.24957,-0.29772,-1.436,-0.81944
-1.91379,0.04317,-0.8594200000000001,-2.35149,-0.7606,-0.34167,-0.34898,0.5465300000000001,1.60879,-0.9244700000000001,0.3565,-1.45084,0.16044,0.7754,1.08181,0.71122,-0.74173,1.5885,0.25819000000000003,0.30979,0.31518,0.74573,0.40928000000000003,-0.47975,-0.17899,-0.8115899999999999,0.07926,1.13529,0.23174,0.50673,0.9347799999999999,0.25145,0.13806,-1.54809,0.34347,0.36823,0.76849,-1.7044,0.47165,2.43168,0.74976,1.29214,-0.50998,-0.8477100000000001,0.50863,0.23779,1.77378,-0.20322,0.51768,0.7468100000000001
-0.10057999999999999,2.4182799999999998,0.43831000000000003,0.32298000000000004,0.32274,1.5780399999999999,-0.6976899999999999,-0.62179,0.41018999999999994,-0.81242,1.7730700000000001,-0.44048999999999994,1.43265,-1.28725,-0.68643,0.67661,-2.0312099999999997,0.65178,-2.04809,0.08825,1.09669,-0.55702,0.27387,1.28541,0.89671,-0.29586,0.79571,1.7673900000000002,0.55799,-0.34888,-0.34593,1.63194,2.63435,-0.7542300000000001,-0.40739000000000003,-0.10447999999999999,-0.56211,-0.47117,1.39575,0.3067,0.81898,-1.0157,-1.3271600000000001,-0.77836,1.4191200000000002,-0.13514,0.9386,-1.05777,0.88634,-0.7562
0.15694,-2.06077,-1.1154600000000001,0.48846000000000006,1.0161200000000001,-1.77263,-0.6923199999999999,3.71444,-1.9844,0.58645,-0.94219,0.09838,-0.39907,0.41194,1.99328,0.75105,0.0915,0.2922,0.18429,-1.8582599999999998,-1.6605599999999998,-2.066,-0.13591,-1.2723,0.53562,-1.1211200000000001,0.8473299999999999,-1.60381,0.13208,1.19174,0.35070999999999997,0.704,-0.18167,0.27988,-0.45416999999999996,1.5803,1.00204,0.9306,-1.02699,-1.06304,0.15661,-1.26851,3.3110199999999996,0.42252,-0.31108,-2.8065900000000004,-0.33962,-0.21352,-0.91205,-2.1467400000000003
-1.24181,-1.37758,-1.26821,-1.02652,0.48257,-0.88176,-0.13828,1.57195,0.16158,-0.39659,-0.46325,-1.0275299999999998,-0.20142000000000002,0.59201,1.265,0.8041,-0.1046,1.06952,0.78577,-0.73552,-0.9265899999999999,-0.43609,-0.30968,-1.42874,-0.16234,-1.3508200000000001,0.5655600000000001,0.40581,-0.49138000000000004,1.0469,1.1393799999999998,0.54,-0.54275,-1.3067,0.21670999999999999,0.9532700000000001,0.8487899999999999,-0.3541,-0.6504800000000001,1.10324,0.53691,-0.36286,1.38806,-0.03581,0.29566,-0.98226,0.7054199999999999,-0.21049,-0.97519,-0.5169
-0.11179000000000001,-0.43835,-0.8215600000000001,-0.78185,1.4610100000000001,1.5233,-0.39416999999999996,-0.94983,0.64239,0.040119999999999996,0.23661999999999997,-2.2682599999999997,-0.37112,1.16875,-0.77277,-0.11135,-1.40374,1.62163,-1.23769,-0.79857,-0.3268,-0.08132,0.19018,0.12025,-0.78814,-1.17581,1.16804,2.62066,0.12311,0.59131,1.0573700000000001,1.2529700000000001,1.6631200000000002,-1.75055,-0.67453,1.4894399999999999,-0.26298,0.5878899999999999,0.75988,0.060239999999999995,1.08778,-1.4579,-1.07436,1.4502700000000002,0.14837999999999998,-0.42299,0.36677,-1.1998,-1.3693,-0.46125
1.3898,-0.90261,-0.41336999999999996,1.23406,1.33443,-0.56701,-1.25425,3.00981,-2.41265,1.06017,-0.23935,0.11035999999999999,-0.17882,0.293,1.06209,0.26681,-0.9151600000000001,0.21278000000000002,-1.6868299999999998,-2.01381,-1.04861,-2.42705,0.49085,0.25975,0.8029,-0.57819,1.1595799999999998,-1.2021700000000002,1.12683,0.65666,-0.41896000000000005,1.2163,1.75235,0.9313299999999999,-1.27166,1.78263,0.31165,1.59753,0.09913,-2.40048,0.31742,-1.85575,2.1705799999999997,0.94963,-0.42728,-2.99315,-0.67624,-0.80401,-0.28489000000000003,-2.63786
-0.33471999999999996,-0.29579,-0.73628,-1.23163,0.6835399999999999,0.85198,-0.64246,-0.11813,0.6493800000000001,0.02461,0.25206999999999996,-1.92723,-0.32425,1.27495,-0.04796,-0.0038399999999999997,-1.32034,1.59301,-1.1663299999999999,-0.6090899999999999,-0.09652999999999999,0.0071,0.57409,0.25494,-0.50685,-0.86639,0.8233,1.78083,0.61727,0.50817,0.77255,0.89371,1.53395,-1.2669700000000002,-0.62019,1.33931,0.08313,0.029960000000000004,0.89018,0.36932,0.9497700000000001,-0.46026999999999996,-0.8569899999999999,0.87766,-0.01584,-0.5092399999999999,0.70641,-0.93011,-0.46693,-0.25149
-1.22233,1.15788,-0.13495,-1.02645,-1.12568,-0.84315,-0.7945300000000001,1.89573,0.38025,-0.87098,0.8927299999999999,0.10893,0.9972700000000001,-0.59421,1.56788,1.11372,-0.93711,0.67677,-0.42667,0.202,0.67274,-0.33871,0.54688,0.178,1.07326,-0.23006999999999997,0.00569,-0.41181,0.7834300000000001,0.1003,-0.2046,0.5034,0.77712,-0.19236,0.15754,-0.15134,0.72764,-1.63439,0.58517,1.48199,0.39971999999999996,1.11753,0.40105999999999997,-1.8171700000000002,0.8514799999999999,-0.56221,1.55416,-0.10137,1.7598099999999999,-0.2335
-1.05931,-0.8193,-0.96536,-1.55758,-0.21573,-0.8684299999999999,-0.6179399999999999,1.76773,0.32853000000000004,-0.20379,-0.17279,-1.0468899999999999,-0.22825,1.01239,1.47946,0.5654399999999999,-0.51953,1.2533299999999998,0.03178,-0.5202899999999999,-0.36926,-0.18913,0.46463000000000004,-0.58783,-0.017759999999999998,-0.8294799999999999,0.32664,0.07733999999999999,0.49863,0.74671,0.68614,0.3158,0.19660999999999998,-0.76265,-0.09777000000000001,0.99134,0.89194,-0.73114,0.11917,1.06314,0.56198,0.60672,0.71322,-0.21105,-0.03345,-0.91663,1.02878,-0.23549,0.15342,-0.22086
0.13213,-0.30064,-0.3552,1.36242,0.46724,-1.6922700000000002,-0.7672899999999999,3.82516,-2.16741,-0.024480000000000002,0.01113,1.2866,0.7993600000000001,-1.31523,1.9524,1.31977,-0.2371,-0.38639,-0.18529,-1.32695,-0.8548600000000001,-2.43561,-0.27993,-0.69881,1.5979700000000001,-0.67638,0.67557,-2.0326,0.16325,0.64126,-0.45526000000000005,1.0279399999999999,0.30244,0.77979,-0.20742,0.5232600000000001,0.7712,0.34476,-0.7856,-0.9020100000000001,-0.01656,-1.2543,3.27325,-0.9789399999999999,0.61755,-2.61768,-0.05126,-0.1313,0.26971999999999996,-2.41553
0.54583,-1.678,-0.9463299999999999,-1.28083,0.39295,-0.65681,-1.42005,2.46415,-0.8364,1.20999,-0.6544300000000001,-1.44984,-1.21375,2.48944,1.4254200000000001,-0.35006,-0.95662,1.44925,-1.4846700000000002,-1.55271,-0.7920699999999999,-0.84609,1.42829,0.35478000000000004,-0.30658,-0.50054,0.69916,-0.53169,1.8813900000000001,0.8132,0.25711,0.341,1.52203,0.31406,-1.3108,2.35079,0.7611399999999999,0.67137,0.77491,-1.05873,0.61722,0.21173000000000003,0.73923,1.44756,-1.3586799999999999,-2.12217,0.18034,-0.6817,0.11497,-1.0193
-2.3815,1.08084,-0.55156,-1.38832,-0.66166,-0.17213,0.15325999999999998,0.1133,1.67166,-1.8038,0.94596,-0.6197,1.22484,-1.04798,0.74879,1.44146,-0.62854,0.9748700000000001,0.81927,0.7489100000000001,0.5727,0.48583000000000004,-0.49503,-0.86559,0.45503000000000005,-0.98564,0.10375,1.41241,-0.81633,0.31816,0.84052,0.69453,-0.27366,-1.9298,0.9882200000000001,-0.67274,0.5274800000000001,-2.0789,-0.02474,3.01231,0.6391899999999999,0.5553600000000001,-0.19262,-1.9585099999999998,1.7111599999999998,0.64918,1.8974799999999998,-0.09175,0.41575,0.52942
-1.06311,-2.2765299999999997,-1.76763,-1.36964,1.71258,0.43951999999999997,0.23134000000000002,-0.32209,0.8184,-0.12382,-0.82439,-2.60276,-0.98129,1.70101,-0.027610000000000003,0.16839,-0.29227,1.7935,0.6585300000000001,-1.03485,-1.38596,0.11654,-0.55537,-1.64267,-1.3833,-1.95953,1.09128,2.41432,-1.03158,1.34998,2.08232,0.8224299999999999,-0.33841,-2.5423,-0.029660000000000002,1.7362400000000002,0.37501,0.50444,-0.57028,0.9311299999999999,0.9786,-1.4366,0.28178000000000003,1.6255,-0.00762,-0.5101899999999999,0.32791,-0.74015,-2.73343,-0.21275
-0.24569000000000002,0.05375,-0.78397,1.2974700000000001,3.13967,2.60216,0.70631,-2.54406,0.41931,-0.8650399999999999,0.61955,-1.80575,0.65473,-1.1148799999999999,-2.23881,0.61035,-1.16363,0.86256,-0.39969,-0.84085,-0.77179,-0.75665,-1.72007,-0.9269700000000001,-0.56843,-2.07907,1.85725,4.15077,-2.17801,0.69776,1.5619299999999998,2.3766700000000003,1.05151,-3.01962,0.02588,0.67065,-1.03158,1.34269,-0.40146,0.0387,1.13031,-4.3002199999999995,-0.5282899999999999,1.28488,1.75912,-0.0658,-0.27475,-1.46842,-3.4212300000000004,-1.2985200000000001
-1.7789400000000002,-1.7475900000000002,-1.56805,-3.1132400000000002,-0.3617,-0.74989,-0.40481,0.97729,1.49153,-0.2103,-0.64676,-2.3500799999999997,-1.01868,2.44759,1.43524,0.19462000000000002,-0.3489,2.1272900000000003,0.59592,-0.31119,-0.52464,0.90155,0.65522,-1.01642,-1.0398399999999999,-1.14303,0.189,1.03643,0.3915,1.05156,1.54726,-0.14318,-0.36107,-1.6969900000000002,0.04444,1.4348100000000001,1.1198700000000001,-1.11524,0.18884,2.08032,0.82306,1.41964,-0.11322,0.41066,-0.5138,-0.22273,1.44164,-0.19864,-0.39955,0.8397399999999999
0.7257100000000001,-0.93304,-0.81306,0.3679,2.22955,1.35975,-0.49788000000000004,-0.21241,-0.56185,0.5368,-0.05899,-1.7886900000000001,-0.46978000000000003,0.91025,-0.7608199999999999,-0.13893,-1.27463,1.16587,-1.48112,-1.52514,-0.91251,-1.06122,-0.03271,0.01243,-0.5433600000000001,-1.2767600000000001,1.5231700000000001,1.9746400000000002,0.05994,0.7481300000000001,0.8225100000000001,1.5596,1.8083900000000002,-1.19864,-1.00758,1.87278,-0.358,1.6054,0.36843000000000004,-1.25747,0.9387700000000001,-2.59233,-0.01884,1.9725099999999998,-0.027089999999999996,-1.38194,-0.41315,-1.3247799999999998,-1.93087,-1.5053
-0.00627,-0.93322,-0.96014,-1.13669,1.25294,1.08132,-0.61615,-0.3093,0.45395,0.37133,-0.07488,-2.3420900000000002,-0.75003,1.78512,-0.30956999999999996,-0.27634000000000003,-1.29271,1.7451599999999998,-1.26371,-0.99034,-0.49188000000000004,-0.09934,0.53238,0.13235,-0.88282,-1.0761,1.0684,2.07468,0.54582,0.7035399999999999,1.01949,0.9799200000000001,1.59503,-1.4147,-0.85144,1.8327799999999999,-0.00835,0.62771,0.79676,-0.12635,1.03387,-0.9950100000000001,-0.80874,1.65867,-0.33383,-0.7420899999999999,0.34278000000000003,-1.10574,-1.16981,-0.44877
-0.71182,-2.28477,-1.6043,-0.07228,1.9222400000000002,-0.33701,0.23389000000000001,1.02105,-0.40771999999999997,-0.10284000000000001,-0.90409,-1.3691200000000001,-0.52231,0.5758300000000001,0.51379,0.6581100000000001,0.08494,0.96442,0.94586,-1.42452,-1.7657,-0.9724299999999999,-1.01644,-2.01424,-0.58445,-1.96216,1.17129,1.1158700000000001,-1.3418299999999999,1.41208,1.62535,1.03282,-0.7098800000000001,-1.8094400000000002,0.07531,1.46803,0.50802,0.88385,-1.26755,0.1983,0.62744,-2.16355,1.8985599999999998,1.08734,0.30096999999999996,-1.3921,-0.13931,-0.5312399999999999,-2.71827,-1.23499
-0.40655,0.03768,-0.43346999999999997,0.02069,0.12312999999999999,-0.80369,-0.6984,2.2379599999999997,-0.70836,-0.26631,0.28263,0.09702999999999999,0.54613,-0.44028,1.3174700000000001,0.93221,-0.6713600000000001,0.43033000000000005,-0.42454,-0.7234,-0.28036,-1.20744,0.1153,-0.28964,0.8705299999999999,-0.65015,0.53846,-0.54947,0.3718,0.4885,-0.00875,0.84857,0.6724899999999999,-0.08786000000000001,-0.17977,0.55165,0.58819,-0.27638,-0.03177,0.12995,0.35286999999999996,-0.43346999999999997,1.44018,-0.70977,0.53301,-1.4847299999999999,0.58209,-0.32255,0.39581,-1.23898
-1.83361,0.0281,-0.8658799999999999,-1.2095799999999999,-0.029560000000000003,-0.27142,0.055389999999999995,0.48639,1.08238,-1.18006,0.36046,-0.93534,0.5777800000000001,-0.29136,0.77787,1.10109,-0.4714,1.07085,0.71741,0.09299,-0.0746,0.12922999999999998,-0.43683,-1.06388,0.09481,-1.18318,0.37032,1.22417,-0.71631,0.62812,1.0271,0.69524,-0.28483,-1.7751400000000002,0.6138,0.08008,0.57421,-1.23609,-0.24095,2.13726,0.64707,0.0054,0.31454,-0.97388,1.1065,0.00999,1.34002,-0.22303,-0.33139,0.08889
0.03192,1.9439400000000002,0.17361,0.31827,1.12723,2.35783,-0.43815,-1.71488,0.69625,-0.6946,1.59047,-1.24462,1.06856,-0.83649,-1.47965,0.37212,-2.11738,0.9773299999999999,-2.0863,-0.11014000000000002,0.79723,-0.34431999999999996,0.018080000000000002,1.10856,0.26053000000000004,-0.6824100000000001,1.13989,2.92135,0.1279,-0.17362,0.18141,1.8692799999999998,2.72391,-1.4726700000000001,-0.51752,0.28869,-0.8729899999999999,0.08902,1.35666,0.14618,1.055,-1.82368,-1.85152,0.13824,1.34365,0.09812,0.65832,-1.36958,-0.21318,-0.6915100000000001
-0.64703,-0.79856,-1.0969799999999998,-0.79179,1.60128,1.2705,0.016059999999999998,-1.01499,0.8438100000000001,-0.31013,0.03543,-2.25295,-0.29885,0.8752200000000001,-0.68137,0.18227000000000002,-0.9861200000000001,1.56497,-0.36876,-0.7158800000000001,-0.61659,0.00671,-0.35939,-0.64193,-0.89236,-1.5411700000000002,1.15406,2.79005,-0.64655,0.81376,1.46815,1.23052,0.8135100000000001,-2.26288,-0.23276999999999998,1.27416,-0.12786,0.42206000000000005,0.15561,0.6340899999999999,1.04914,-1.66425,-0.61939,1.22819,0.4601,-0.23543000000000003,0.42196000000000006,-1.02081,-1.9567299999999999,-0.35157
-0.77627,-0.39359,-0.688,-0.74412,-0.16835,-1.05267,-0.68187,2.2822299999999998,-0.28643,-0.25387,0.03419,-0.30186,0.20790999999999998,0.19639,1.5945799999999999,0.8285799999999999,-0.51883,0.76139,-0.10338,-0.61771,-0.33515,-0.7722899999999999,0.29163,-0.49377,0.5421,-0.70333,0.37240999999999996,-0.50529,0.45819,0.6228,0.26999,0.52805,0.32324,-0.2973,-0.0938,0.7104199999999999,0.8288200000000001,-0.5854699999999999,-0.03063,0.6239,0.39732,0.20373,1.29217,-0.62713,0.25939,-1.2869899999999999,0.8314799999999999,-0.19729000000000002,0.41186000000000006,-0.7734
-1.10522,-0.92069,-1.1676600000000001,-1.36501,0.81584,0.38898,-0.10044,-0.08383,0.931,-0.41508999999999996,-0.10454000000000001,-1.9397099999999998,-0.30925,1.0088,0.19189,0.37963,-0.69581,1.5555,0.08702,-0.5151100000000001,-0.53757,0.15930999999999998,-0.13029000000000002,-0.8382200000000001,-0.68913,-1.36743,0.76991,1.9169599999999998,-0.39035,0.8517,1.36429,0.78761,0.28894000000000003,-1.9436099999999998,-0.016380000000000002,1.10134,0.34073000000000003,-0.22769,0.03941,1.19011,0.8863200000000001,-0.6159100000000001,-0.17034000000000002,0.59516,0.32276,-0.28634,0.80228,-0.6469,-1.25294,-0.059370000000000006
-0.93542,0.34718000000000004,-0.5062,-0.72906,0.01811,-0.11487,-0.46282,0.93281,0.3724,-0.6373,0.5233800000000001,-0.65809,0.53683,-0.16813,0.74538,0.8125600000000001,-0.89074,0.9078200000000001,-0.34858,-0.23679,0.08064,-0.37129,0.10330999999999999,-0.22345,0.39678,-0.7673800000000001,0.48508999999999997,0.67955,0.14939000000000002,0.40525,0.40817,0.8290299999999999,0.7227399999999999,-0.9196,0.016909999999999998,0.39032,0.40542,-0.73616,0.29286999999999996,1.02203,0.60719,-0.12797,0.25223,-0.6602399999999999,0.7368100000000001,-0.57301,1.01793,-0.43961000000000006,0.24365,-0.44373
-0.40518000000000004,-0.14919000000000002,-0.64678,-0.50556,0.73334,0.39919,-0.48683999999999994,0.49396,0.14620999999999998,-0.21518,0.29397,-1.15553,0.11756,0.35159,0.23851999999999998,0.43809,-1.03019,1.07816,-0.73642,-0.65883,-0.24959,-0.51151,0.11739000000000001,-0.13143,-0.00413,-0.93991,0.8199700000000001,1.17835,0.16864,0.5344300000000001,0.5957,1.02975,1.09253,-1.05635,-0.3464,0.94709,0.16524,0.02621,0.36544,0.30706999999999995,0.74325,-0.8596799999999999,0.06188,0.29609,0.40874,-0.8003600000000001,0.57096,-0.74335,-0.49177,-0.71211
-1.4583700000000002,0.39029,-0.73538,-1.3263200000000002,0.39594,0.90302,-0.00409,-0.8800899999999999,1.53332,-1.03093,0.6541899999999999,-1.7056099999999998,0.42594,0.12922999999999998,-0.21420999999999998,0.6438,-1.059,1.45525,-0.11865,0.13817000000000002,0.21406,0.48651000000000005,-0.20781999999999998,-0.4132,-0.34165999999999996,-1.15636,0.62603,2.46169,-0.49215,0.44702,1.12811,0.97401,0.64903,-2.17003,0.25440999999999997,0.34375,0.07322999999999999,-0.8965,0.42608,1.8697700000000002,0.9492200000000001,-0.39027,-1.00072,-0.23756999999999998,1.0240799999999999,0.43359,1.27273,-0.67814,-0.59733,0.3031
-1.08795,1.0649600000000001,-0.20974,-0.22391999999999998,-0.24938000000000002,-0.31392,-0.40094,1.2085299999999999,0.20486,-1.02207,0.8950899999999999,0.07413,1.16923,-1.17215,0.8926200000000001,1.23053,-0.8650700000000001,0.47808,-0.21941999999999998,0.0066,0.34513,-0.63397,-0.14057999999999998,-0.21536,0.97826,-0.6391899999999999,0.37532,0.29266,-0.05005,0.21638000000000002,0.07569,0.95893,0.63622,-0.70529,0.2799,-0.20781,0.39083,-1.06893,0.15621,1.2130100000000001,0.46036000000000005,-0.16427,0.58235,-1.4947,1.27647,-0.54264,1.14772,-0.29595,0.70918,-0.63307
-1.8867599999999998,1.39599,-0.07733999999999999,-0.63672,-1.73115,-2.02267,-0.57129,3.14978,0.05012,-1.45391,0.9288299999999999,1.29425,1.6675099999999998,-1.8135,2.52603,1.9138400000000002,-0.33139,0.0409,0.6296,0.45916,0.6301100000000001,-0.72346,0.03027,-0.54947,1.85221,-0.23856,-0.33311,-1.63101,0.23010999999999998,0.14072,-0.42136999999999997,0.34367,-0.30943000000000004,0.10924,0.82258,-0.95352,1.17371,-2.33233,-0.20160999999999998,2.1482,0.03632,1.46916,1.7695599999999998,-3.21568,1.4631299999999998,-0.73692,1.8087,0.45128999999999997,2.2513400000000003,-0.42863
-1.7095200000000002,-0.72849,-1.05808,-1.48879,-0.37686,-1.23555,-0.24303000000000002,1.8498,0.5495,-0.74658,-0.14044,-0.6997800000000001,0.151,0.31415,1.7012599999999998,1.0355299999999998,-0.14590999999999998,1.04288,0.88741,-0.23844,-0.41436999999999996,-0.12769,-0.07206,-1.22783,0.17082,-1.04745,0.19112,0.02358,-0.2152,0.82747,0.8835799999999999,0.29046,-0.61753,-1.11792,0.45443,0.46345,1.04798,-1.19526,-0.42263,1.8233599999999999,0.4596,0.62489,1.18306,-0.91406,0.49832,-0.6480899999999999,1.25298,0.02975,0.00801,-0.08677
-1.7216099999999999,0.44605,-0.42627,-0.10465999999999999,-1.04672,-2.35185,-0.3452,3.5943300000000002,-0.55152,-1.24479,0.38946,1.37333,1.3961,-1.80833,2.63715,1.98298,0.12015999999999999,-0.14912999999999998,1.16382,-0.062470000000000005,-0.11896,-1.2148700000000001,-0.45266000000000006,-1.2727600000000001,1.71964,-0.6438699999999999,-0.08926,-1.87441,-0.33671,0.51456,-0.12312000000000001,0.44193999999999994,-0.9211799999999999,0.02061,0.86461,-0.63232,1.27126,-1.6834900000000002,-0.9267200000000001,1.67202,-0.05587999999999999,0.62574,2.79208,-2.75197,1.35935,-1.27338,1.29207,0.48901999999999995,1.2558799999999999,-0.96335
0.05992000000000001,-2.51671,-1.51055,-2.42889,0.74935,-0.01411,-1.08755,1.09449,0.27255999999999997,1.21149,-1.0345799999999998,-2.89819,-1.9466299999999999,3.7381599999999997,0.8417,-0.78877,-0.9275399999999999,2.29104,-1.1176700000000002,-1.45086,-1.01178,0.13194,1.39897,-0.02445,-1.42718,-0.9534600000000001,0.8003100000000001,0.9726299999999999,1.5189700000000002,1.10368,1.20129,0.17407,1.20989,-0.8578899999999999,-1.24637,2.84366,0.70108,0.66897,0.8468,-0.33399,0.96757,0.32413000000000003,-0.30024,2.39683,-1.68318,-1.3801,0.36002,-0.85695,-0.91785,-0.15377000000000002
-0.77541,1.8829900000000002,0.4723,-0.00936,-2.08938,-2.39202,-1.39523,4.52214,-1.13334,-0.74715,1.1262,2.1183400000000003,1.73248,-1.8184099999999999,3.03836,1.70417,-0.74365,-0.36233000000000004,-0.65142,0.05611,0.88366,-1.55395,0.8675700000000001,0.5424899999999999,2.57971,0.48615,-0.37328,-3.1242400000000004,1.5892899999999999,-0.1824,-1.49217,0.34393,0.8416,1.67003,0.09858,-0.68999,1.19319,-1.93195,0.42055,0.72295,-0.17336,1.7412299999999998,2.16818,-3.25847,0.94194,-1.73987,1.4914399999999999,0.3764,3.54,-1.21403
-0.9687399999999999,2.48676,0.1903,0.9874700000000001,1.04233,1.9174200000000001,0.28934,-1.71575,0.88512,-1.77795,1.87093,-0.33516999999999997,2.06124,-2.65245,-1.32924,1.34293,-1.54295,0.35654,-0.69492,0.3901,0.78651,-0.49418999999999996,-1.15164,0.04989,0.83678,-1.0697,1.00801,2.89952,-1.3297,-0.1325,0.3785,2.0737099999999997,1.44602,-2.06569,0.48986,-0.8620700000000001,-0.7825,-0.5956199999999999,0.34753,1.29237,0.8476799999999999,-2.2683,-0.94471,-1.26675,2.5977099999999997,0.5401600000000001,0.92929,-0.97241,-0.52164,-0.73052
-1.68282,-2.3570900000000004,-1.86097,-3.8055800000000004,-0.07883,-0.26936,-0.43877,0.27631999999999995,1.93849,0.12742,-0.9335200000000001,-3.33817,-1.6813200000000001,3.5824800000000003,1.05818,-0.31388,-0.49901,2.71053,0.36304000000000003,-0.44878999999999997,-0.67201,1.3864,0.9467399999999999,-0.91365,-1.77433,-1.28084,0.31372,1.8163599999999998,0.59995,1.19766,1.97017,-0.25189,-0.1347,-2.11647,-0.23278000000000001,2.0414,1.03972,-0.84024,0.49126000000000003,2.03519,1.05999,1.4963,-0.8613799999999999,1.35033,-1.03835,-0.01687,1.39857,-0.42245,-0.90628,1.2262
-0.39591,-1.52591,-0.84762,-1.88103,-1.5512,-3.09202,-1.73134,5.32284,-1.21088,0.8245600000000001,-0.78256,0.13746,-0.7427600000000001,1.90098,3.7534199999999998,0.47136000000000006,-0.18762,0.89866,-0.37997,-1.10798,-0.5565899999999999,-1.0462799999999999,1.7615599999999998,-0.11327000000000001,0.79883,0.039560000000000005,-0.2348,-3.31351,2.39609,0.78747,-0.40571999999999997,-0.55413,0.24286,1.54305,-0.6956,1.5605799999999999,1.88713,-0.8715,0.27071,-0.01411,0.030019999999999998,2.4337400000000002,2.50107,-0.6553899999999999,-1.33386,-2.58691,0.9646100000000001,0.32566999999999996,2.13168,-0.82939
0.43603000000000003,0.16261,-0.44775,0.25638,1.78588,1.7813599999999998,-0.47913,-0.86087,-0.00236,0.06767000000000001,0.57324,-1.6593900000000001,0.08462,0.32334,-1.05984,0.02389,-1.619,1.14909,-1.72975,-0.9591,-0.23433,-0.71522,0.02305,0.45597,-0.28717,-1.0462200000000001,1.36743,2.40883,0.11387,0.39254,0.6051300000000001,1.65821,2.17968,-1.3444,-0.82796,1.28695,-0.5577300000000001,0.9964299999999999,0.7925,-0.67156,1.0044,-2.2378299999999998,-0.8199299999999999,1.3037100000000001,0.47053999999999996,-0.76234,0.02968,-1.35206,-1.26635,-1.12525
0.34707,-0.08421000000000001,-0.4943,0.63972,1.6450099999999999,0.9699399999999999,-0.44932,0.19968,-0.56317,0.02281,0.36932,-0.9721700000000001,0.24375,-0.13398,-0.4056,0.36765,-1.20849,0.75124,-1.22009,-1.1087799999999999,-0.51168,-1.18296,-0.20947,0.009309999999999999,0.11662,-1.07318,1.2654100000000001,1.4367,-0.07909,0.51954,0.45369,1.56236,1.59285,-0.9557,-0.6292399999999999,1.11935,-0.25906,0.95005,0.25879,-0.74726,0.76093,-2.23393,0.28989000000000004,0.83391,0.56058,-1.22825,-0.07492,-1.06768,-1.16378,-1.50567
-0.88108,1.14696,-0.01292,-0.11282,-0.8957200000000001,-1.25019,-0.8186399999999999,2.70635,-0.47291000000000005,-0.79171,0.8445299999999999,0.87115,1.26461,-1.28718,1.83161,1.37679,-0.7448,0.14362,-0.3567,-0.10797999999999999,0.41123000000000004,-1.08915,0.26928,0.00601,1.5691,-0.22810999999999998,0.10815,-1.19902,0.62137,0.13309,-0.51837,0.68594,0.65223,0.30423,0.15353,-0.25995,0.76052,-1.27274,0.17875,0.8640100000000001,0.18905,0.53227,1.4019,-2.04715,1.0154,-1.1777,1.18251,-0.02093,1.71566,-0.95921
-3.6684900000000003,-0.89845,-1.6103299999999998,-3.1791099999999997,-1.14554,-1.48759,0.53208,0.83144,2.47503,-1.8621599999999998,-0.21089000000000002,-1.45294,0.22061999999999998,0.45433999999999997,1.8955799999999998,1.4601600000000001,0.40038,1.64947,2.64066,0.78192,-0.20481,1.3587799999999999,-0.59538,-2.36503,-0.44951,-1.53306,-0.29956,1.13332,-1.31279,1.0482200000000002,1.9370599999999998,-0.22475,-2.2332400000000003,-2.686,1.55725,-0.23501,1.4488,-2.75075,-0.88933,4.46004,0.60835,1.86645,0.54113,-1.7890099999999998,1.06981,0.87097,2.34821,0.48648,-0.28514,1.51305
-1.46276,-0.68757,-1.05396,-3.38119,-0.97564,-0.33416999999999997,-0.88954,0.7593,1.70609,-0.11900999999999999,-0.0523,-2.30725,-0.79588,2.5312,1.29459,-0.03499,-1.00435,2.23735,-0.47818,0.0101,0.26691,1.11995,1.40124,0.11524000000000001,-0.7751899999999999,-0.54496,0.022719999999999997,1.01255,1.38463,0.5818,0.9515899999999999,-0.16530999999999998,0.7572300000000001,-1.18058,-0.3145,1.30508,0.9323,-1.46173,1.16659,1.94838,0.89743,2.14628,-1.14343,0.15905,-0.61743,-0.008440000000000001,1.7624400000000002,-0.35623,0.8307200000000001,1.0791
-0.43983999999999995,-4.21991,-2.34853,-1.41936,2.1269299999999998,-0.61624,-0.07232000000000001,1.34931,-0.30064,0.9031899999999999,-1.97987,-2.72499,-2.07904,3.03703,0.8786200000000001,-0.21023000000000003,0.26839,1.85712,0.87489,-2.0592099999999998,-2.48161,-0.50959,-0.26584,-2.16804,-1.72935,-2.1267099999999997,1.22137,1.1202,-0.61177,1.92396,2.23538,0.4472,-0.8278,-1.8586799999999999,-0.50668,2.88535,0.8916799999999999,1.4529299999999998,-1.1035,-0.22766,0.80414,-1.5253700000000001,1.7509400000000002,2.73143,-1.1794200000000001,-1.80036,-0.36725,-0.6166699999999999,-3.3696300000000003,-0.85282
-2.48263,1.47871,-0.3107,-2.60324,-2.08317,-0.8441200000000001,-0.54564,1.07734,1.9580400000000002,-1.55264,1.08904,-0.54497,1.0315,-0.19319,1.7003599999999999,1.21456,-0.89674,1.2818100000000001,0.24125,1.10281,1.2413100000000001,0.95201,0.69181,-0.007240000000000001,0.66842,-0.23834,-0.47181000000000006,0.3632,0.64947,0.03196,0.27442,0.030289999999999997,0.21698,-1.0385799999999998,0.71387,-0.6189100000000001,0.97004,-2.97448,0.8404799999999999,3.3475599999999996,0.5658,2.58886,-0.69568,-2.48743,1.06387,0.65654,2.55782,0.15095999999999998,2.25258,1.15238
-0.73149,-0.50012,-0.85956,-1.45034,0.32155,0.21946999999999997,-0.5713699999999999,0.48315,0.6623399999999999,-0.13914,0.09257,-1.65967,-0.28076999999999996,1.1767,0.50717,0.23536999999999997,-0.9893799999999999,1.50715,-0.60414,-0.51017,-0.18828,0.03242,0.48326,-0.13913,-0.37381,-0.89536,0.61635,1.25264,0.48016000000000003,0.61279,0.8201200000000001,0.65733,0.9320299999999999,-1.2030399999999999,-0.3509,1.16297,0.39818000000000003,-0.34293,0.56796,0.79901,0.82019,-0.01311,-0.32595999999999997,0.42748,0.02648,-0.5518,0.8910399999999999,-0.64971,-0.28383,-0.13795
-1.14376,-1.9215900000000001,0.30472,0.65555,1.9803400000000002,1.58797,1.6352200000000001,-2.66743,1.63757,0.0446,0.87946,-0.43172,-1.6616799999999998,0.29693,-0.9957799999999999,-2.48962,-0.79601,-1.03039,2.0701400000000003,1.6657,0.1094,-0.96765,-1.599,1.07271,-1.05655,-0.37269,-0.20598000000000002,-0.76331,-0.4088,0.00186,-1.24918,-0.82273,2.08365,-0.8605799999999999,-1.56692,0.57901,-1.09374,1.1093,-0.5795600000000001,-1.61979,1.01433,0.55771,-0.7792899999999999,0.44406,-0.77849,2.0386599999999997,-0.31858000000000003,1.3381299999999998,-0.5320600000000001,-1.28924
-0.37813,1.3591,1.81805,0.64113,0.35546,-0.9024,0.22931999999999997,1.24965,0.84452,0.73411,2.05368,-0.00285,-1.0218200000000002,1.09026,-0.35496,0.6484300000000001,-2.4032,-0.4712,-0.67798,0.74384,-1.65045,0.5606899999999999,-0.45435,-0.39898,1.28855,-2.55127,0.7851100000000001,-0.58218,-0.6339,-0.08592999999999999,0.7621899999999999,-0.23938,-0.51183,-0.31128,0.37883,1.23745,1.12304,1.95628,-1.48866,-0.007559999999999999,1.09489,-1.17865,2.00801,-1.56851,-0.48804,0.49649,-1.35249,-0.09646,0.025259999999999998,-0.91064
1.0158399999999999,0.045739999999999996,0.63952,1.10395,-1.12133,-0.62039,0.50446,2.13688,-0.11728,0.23803000000000002,-1.3182399999999999,0.02175,-0.72738,-1.16194,-0.66493,-1.02345,0.69126,-0.23548000000000002,-1.56053,-0.47716000000000003,0.6965100000000001,-0.54506,1.69907,-0.39863000000000004,-0.5934,0.34539000000000003,0.01583,0.19589,-0.79548,0.8450700000000001,-1.11709,0.53223,-0.231,-0.8859600000000001,-0.10121000000000001,0.9179200000000001,0.32445,-1.00704,-0.26750999999999997,0.97662,-0.12189000000000001,0.40495,1.9468400000000001,-0.31594,0.28467,-0.06816,1.41325,-0.38506999999999997,0.49459,-0.50463
2.04845,-1.13919,-0.358,1.8625900000000002,0.21545999999999998,3.54754,2.00684,1.57641,1.32276,1.37089,-4.38015,0.29546,-1.4969700000000001,-2.5958200000000002,-3.1592599999999997,-2.6376,-0.63371,-2.38102,-0.8024100000000001,-0.2123,0.37556,-1.13862,4.71939,-1.2666600000000001,-2.10328,1.03762,-0.69725,-2.57899,-1.44042,1.6038,-0.68045,1.34564,0.71677,-3.09228,-1.8567599999999997,0.66451,-1.3747,-1.4479899999999999,2.0764400000000003,0.39941,-0.5512699999999999,-1.12404,-2.04755,0.2841,0.19752999999999998,1.44195,2.68112,-1.58175,1.21386,-3.16613
-0.03732,-0.20331,1.0526799999999998,0.78157,-1.2693299999999998,0.44186000000000003,1.30009,0.6198899999999999,0.84305,0.07855,-0.16355999999999998,-0.8250799999999999,-0.22703,-1.43933,-0.42172,-0.34075,-0.89746,-0.42298,-1.6403900000000002,0.007679999999999999,-0.56058,-0.48891,0.5394800000000001,-0.42045,0.74808,-1.06985,0.77978,-0.89041,-1.4176799999999998,-0.36916,-0.47431,0.67482,-0.09702000000000001,-1.05784,-0.25839,0.5534100000000001,-0.5711,0.48256000000000004,-0.19558,0.1881,0.3075,0.10349000000000001,0.99593,-0.82434,0.54035,1.12985,-0.11034000000000001,0.60078,-1.2318200000000001,0.6037100000000001
-0.78705,0.36494,1.3782299999999998,0.43833999999999995,0.39687,-1.82217,0.04052,0.20199,0.26275,-0.06396,2.27962,-0.109,-1.06283,1.21956,0.351,-0.34862,-0.47543,0.27064,0.14422000000000001,0.812,-0.23231,0.03059,-1.79151,0.62703,0.42253,-1.29806,0.40763,0.85582,-0.12653,-0.00564,-0.6305,-0.8096300000000001,0.21658000000000002,0.38428,0.27116999999999997,1.11314,1.01581,1.15751,-2.0034,-0.19549,1.03391,0.45633999999999997,2.71638,-0.70911,-0.56845,0.19445,-0.83699,0.79283,-0.08319,-0.15514
-0.66154,-1.24858,0.27148,0.82031,3.1518900000000003,0.5070399999999999,0.69835,-1.6895799999999999,1.11264,0.47786999999999996,1.10356,0.5502,-2.51083,1.73583,-1.25908,-2.75184,-0.43908,-1.04895,2.92326,1.83323,0.51458,-0.59646,-1.37299,1.2085,-1.92682,-0.0035700000000000003,-0.82904,0.029330000000000002,0.43392,1.0008299999999999,-1.18285,-1.4426299999999999,2.03884,-0.45988999999999997,-1.35079,1.1251799999999998,0.16669,0.8173199999999999,-1.17182,-1.36448,1.13246,0.17862,0.02485,0.5866,-1.5367600000000001,1.08197,0.16455999999999998,0.39541,1.27696,-2.97012
1.3854899999999999,1.05405,1.10004,1.16724,-1.85667,-0.92791,0.29470999999999997,3.46887,-0.19635999999999998,0.55052,-1.32881,0.048,-0.40360999999999997,-1.3255299999999999,-0.65784,0.03728,-0.08199,-0.25076,-2.73442,-0.8717,-0.04949,-0.10273,2.51074,-1.10396,0.26905,-0.43,0.41795,-0.17206,-1.1127,0.74222,-0.33086,0.9858399999999999,-1.13352,-1.0072,0.41647,1.04375,0.7614,-0.74471,-0.2224,1.52695,-0.1907,-0.34915999999999997,2.44652,-1.03695,0.5441600000000001,-0.34836999999999996,1.1326100000000001,-0.9281200000000001,0.48613999999999996,-0.34944000000000003
-0.58267,0.19364,1.16715,0.6410100000000001,1.2724600000000001,-0.73839,0.31805,-0.01875,0.7369100000000001,0.39942,1.78794,0.15091,-1.522,1.3312700000000002,-0.43193000000000004,-0.7853899999999999,-1.1308799999999999,-0.42432,0.7481899999999999,1.10961,-0.47888000000000003,0.01157,-1.15154,0.44595,-0.0504,-1.30255,0.13108,0.08002000000000001,-0.12318,0.30774,-0.32238,-0.80683,0.5473100000000001,-0.14356,-0.21943000000000001,1.1631799999999999,0.78095,1.30767,-1.5407600000000001,-0.49678999999999995,1.07816,-0.21391,1.59125,-0.5869,-0.85269,0.58002,-0.6702199999999999,0.33276999999999995,0.4152,-1.35146
0.68926,-2.9173,-0.84373,1.32142,0.46584,2.53399,2.06746,-1.14497,0.9123,-0.02196,-3.13275,-0.28141,-1.40697,-2.26496,-1.84602,-3.95825,1.62594,-1.2598,0.77787,0.30357,2.01493,-1.94501,1.6338,0.52452,-2.8506099999999996,2.27976,-0.9482299999999999,-0.72601,-0.8282,1.09359,-2.61593,0.32591,2.08764,-1.9453099999999999,-2.13488,0.30217,-1.9533,-1.8224099999999999,1.12963,-0.45537,-0.32219000000000003,1.3968200000000002,-1.38175,1.45079,0.07009,1.59543,2.59225,0.4579,0.18417,-1.45936
-0.015790000000000002,0.35372,1.2393100000000001,0.9073,0.16165,1.03009,1.18527,0.68345,1.3860700000000001,0.8279,0.33708,-0.30103,-0.9265100000000001,-0.34783000000000003,-1.1534200000000001,-0.19654000000000002,-2.37963,-1.1517600000000001,-0.79274,0.59588,-1.43696,-0.027819999999999998,0.77331,-0.67565,0.70648,-1.87989,0.61635,-1.67088,-1.18587,-0.055020000000000006,0.47646000000000005,0.37256,-0.028839999999999998,-1.3100399999999999,-0.44243000000000005,0.86408,-0.14382999999999999,1.38123,-0.24624000000000001,-0.19243,0.69728,-1.19436,0.26378,-1.12897,-0.10703,1.32449,-0.60478,-0.12046,-0.37135999999999997,-1.0898
-1.02606,-0.58823,1.06003,0.49509,0.50395,0.05555,1.04728,-1.06261,1.08485,-0.053829999999999996,1.59665,-0.6008600000000001,-0.93934,0.25918,-0.18034,-0.8777,-1.06428,-0.34295,0.36835999999999997,1.04243,-0.50534,-0.40318000000000004,-1.5467899999999999,0.5522600000000001,0.35751,-1.30341,0.48832,-0.32242,-0.66164,-0.40715999999999997,-0.64952,-0.45719,0.80276,-0.37335,-0.4875,0.7159,-0.2627,1.37701,-1.13021,-0.78789,0.9806,0.35925999999999997,0.95724,-0.48068999999999995,-0.32431,1.3162399999999999,-0.9062600000000001,1.2070100000000001,-0.94721,-0.045989999999999996
-1.40543,-1.14819,1.05677,0.26621,-0.91833,-0.11710999999999999,1.43365,-1.60253,0.92399,-0.79182,1.5403799999999999,-1.39316,-0.09167,-0.8694700000000001,0.58511,-0.7146899999999999,-0.29805,0.26386,-0.50905,0.64951,-0.1808,-0.7913,-2.13615,0.74464,0.9216,-1.0973700000000002,0.9355399999999999,-0.011040000000000001,-1.11972,-1.14206,-1.26285,-0.09928,0.74333,-0.21069000000000002,-0.34962,0.30068,-0.9651799999999999,1.0895,-1.05027,-0.69082,0.7679199999999999,1.41889,1.3143799999999999,-0.41585,0.3845,1.5558,-1.00719,2.20519,-2.37149,1.93554
0.30875,0.81855,1.29374,0.8577600000000001,-0.41147,-0.8809100000000001,0.30599,1.7887099999999998,0.3379,0.49896,0.48041999999999996,0.021730000000000003,-0.85862,0.03949,-0.46219,-0.06992000000000001,-0.9209700000000001,-0.31793000000000005,-1.1785299999999999,0.12555999999999998,-0.54679,0.06959,0.58633,-0.42396999999999996,0.44415,-1.20271,0.44042,-0.1628,-0.70585,0.361,-0.10678,0.13710999999999998,-0.45023,-0.5492,0.21485,1.10418,0.81585,0.54018,-0.94796,0.51846,0.51107,-0.43559,2.09761,-1.01519,-0.10840999999999999,0.16141,-0.04564,-0.263,0.26843,-0.68199
-0.62008,-0.72765,0.71129,0.81989,2.06398,1.2605899999999999,1.18343,-1.17806,1.57829,0.67055,0.94173,0.028030000000000003,-1.8252599999999999,0.7965,-1.32895,-1.6510599999999998,-1.7589700000000001,-1.2934700000000001,1.5091299999999999,1.5089299999999999,-0.6401,-0.37367,-0.64013,0.39595,-0.62375,-1.10764,-0.10522000000000001,-1.12192,-0.39910999999999996,0.32185,-0.295,-0.65067,1.31396,-0.98115,-1.14295,0.92355,-0.27415,1.43963,-0.65056,-1.15586,1.06254,-0.58436,-0.39332,-0.20212,-0.9342299999999999,1.58819,-0.48353,0.35081999999999997,0.2483,-2.1583
-0.57609,-0.20390999999999998,1.11893,0.55804,-0.34176999999999996,-0.68274,0.73188,0.00033999999999999997,0.5545100000000001,-0.14426,1.14604,-0.53868,-0.66232,-0.09977000000000001,0.06096,-0.57792,-0.43826000000000004,0.0019,-0.49143000000000003,0.5009100000000001,-0.19375,-0.35672,-0.9661200000000001,0.32411999999999996,0.43828999999999996,-1.0041799999999999,0.53783,0.13701,-0.7083,-0.23838,-0.79601,-0.18688,0.28569,-0.25159000000000004,-0.09354,0.7751399999999999,0.08424,0.7722399999999999,-1.156,-0.15232,0.69596,0.56831,1.8045099999999998,-0.58924,-0.04059,0.74307,-0.45962,0.9428700000000001,-0.78,0.36509
-0.17778,0.40299,1.28249,0.77647,0.10245,0.06027999999999999,0.79475,0.69326,0.9632799999999999,0.54033,0.84204,-0.2344,-0.9259799999999999,0.06225,-0.66335,-0.2105,-1.6921,-0.66862,-0.63652,0.5766100000000001,-1.01171,-0.01075,0.08955,-0.31212,0.62038,-1.6422700000000001,0.55555,-0.8328200000000001,-0.8720700000000001,-0.01085,0.10702,0.05695,-0.026019999999999998,-0.78145,-0.17255,0.9457899999999999,0.25214000000000003,1.20852,-0.7760199999999999,-0.09682,0.7513,-0.6522899999999999,1.1292,-1.00892,-0.20144,0.8964200000000001,-0.59463,0.11855999999999998,-0.25837,-0.74315
0.02901,0.24126999999999998,1.23996,0.81371,-0.99918,0.38893,1.14402,0.97165,0.93005,0.35038,0.09315,-0.63969,-0.37098000000000003,-1.0525200000000001,-0.57044,-0.02428,-1.46296,-0.5798399999999999,-1.63305,0.09906000000000001,-0.9663,-0.22304000000000002,0.69353,-0.61764,0.9442,-1.49556,0.82119,-1.09476,-1.3695,-0.29089,-0.0273,0.63536,-0.3019,-1.07764,-0.14028,0.69943,-0.25501999999999997,0.8193600000000001,-0.2947,0.21602,0.42925,-0.41628999999999994,1.03243,-1.08749,0.379,1.0524200000000001,-0.34884,0.27537,-0.9415399999999999,0.15711
-0.18843,-0.24941,0.81845,1.04093,2.25589,2.0554200000000002,1.3315,-0.49955,1.9468599999999998,1.25959,0.43488999999999994,0.22998000000000002,-1.9656,0.68009,-2.0036400000000003,-1.3344,-2.8175,-1.90762,1.19139,1.4741799999999998,-1.3372700000000002,-0.12737,0.49651999999999996,-0.24536999999999998,-0.44924,-1.6013899999999999,-0.06135,-2.07197,-0.65103,0.4985,0.47036999999999995,-0.30049000000000003,1.00071,-1.55342,-1.24095,1.02241,-0.25494,1.70967,-0.16698,-1.04211,1.02825,-1.63644,-1.07829,-0.56675,-0.96047,1.7694900000000002,-0.50032,-0.38205,0.60651,-3.01916
-1.06734,0.66333,1.8422599999999998,0.31618,-0.7564,-1.08454,0.63979,0.2009,0.79945,-0.08062000000000001,2.45645,-0.84595,-0.25404,0.25453000000000003,0.51495,0.74422,-1.74721,0.16680999999999999,-1.1605299999999998,0.59373,-1.3847,0.17312,-1.60996,0.015359999999999999,1.8854099999999998,-2.48258,1.2428299999999999,-0.2115,-0.99395,-0.9509200000000001,0.12320999999999999,-0.10107999999999999,-0.36309,-0.00625,0.45753999999999995,0.81,0.38441,1.9541099999999998,-1.60014,-0.17807,1.04874,-0.030930000000000003,2.2985,-1.4577799999999999,0.08454,0.8776700000000001,-1.73775,1.1547,-1.5301799999999999,1.10255
0.24745999999999999,0.27939,1.06215,0.6842199999999999,-1.58444,-2.16118,0.0635,1.74964,-0.52957,-0.37274,0.28093,-0.29223000000000005,-0.34881,-0.56015,0.49093000000000003,-0.40762,1.11822,0.6783100000000001,-1.6492799999999999,-0.40258,0.74229,-0.3757,-0.07134,0.14254,0.16601,-0.08352000000000001,0.40496,1.27331,-0.5751,0.26861,-1.3568200000000001,0.10284000000000001,-0.41366,0.07894,0.5214300000000001,0.9196200000000001,0.7762899999999999,-0.55595,-1.29522,0.9367700000000001,0.17355,1.19534,3.3923,-0.52353,0.32366999999999996,-0.41131,0.5916100000000001,0.48562,-0.20097,0.88538
0.29143,0.97488,1.47296,0.66543,-1.9974599999999998,-2.22592,0.01627,2.38686,-0.40436,-0.15431,0.58092,-0.3782,-0.09557,-0.58707,0.52854,0.45302,0.24258000000000002,0.6210399999999999,-2.3768700000000003,-0.53457,-0.0291,-0.02213,0.21911,-0.32733,0.9889700000000001,-0.9177700000000001,0.79965,0.8423299999999999,-0.8537600000000001,0.006690000000000001,-0.65871,0.38029,-0.99918,-0.00235,0.85819,0.97357,0.9875799999999999,-0.04408,-1.31031,1.14499,0.24439,0.57004,3.5856,-1.12293,0.4827,-0.41011000000000003,0.07876,0.25899,-0.4387,1.08599
-0.89836,1.04103,1.8959,0.50454,0.50671,-0.26456999999999997,0.65259,0.30063,1.3341,0.64748,2.5221299999999998,-0.3634,-0.90051,1.00308,-0.32191,0.71333,-3.0300599999999998,-0.61821,-0.43928,1.06139,-2.09579,0.49992,-1.0621,-0.29462,1.68251,-3.03829,1.02585,-1.0740399999999999,-0.85425,-0.58092,0.93071,-0.25829,-0.25169,-0.41698999999999997,0.16443,1.05451,0.61578,2.5859900000000002,-1.41882,-0.49127,1.30282,-1.23471,1.38083,-1.64895,-0.44727,1.12252,-1.96426,0.40335,-0.7005399999999999,-0.55467
-0.14103,-0.77566,0.8303200000000001,0.70096,-1.8705,0.2519,1.44245,0.23351,0.58968,-0.40274,-0.45948999999999995,-1.1299700000000001,0.07964,-2.02526,-0.04292,-0.68989,0.07884,-0.04177,-1.8164099999999999,-0.21324,0.08854,-0.85906,0.23145,-0.11674000000000001,0.56008,-0.44072,0.77372,-0.41298,-1.48417,-0.52507,-1.181,0.74295,0.09824,-0.9158,-0.30491,0.34269,-0.94594,-0.06658,-0.15059,0.24824000000000002,0.10845,0.98675,1.22224,-0.47862,0.83855,1.1228200000000002,0.22796999999999998,1.13253,-1.7209900000000002,1.48928
0.8236,0.6864899999999999,0.89446,1.14143,0.71626,-0.49233999999999994,0.13855,2.00969,0.33066,0.9429700000000001,-0.23219,0.68325,-1.61627,0.5303,-1.22092,-0.90148,-0.72222,-0.81821,-0.264,0.32481,-0.11972000000000001,0.01956,1.34548,-0.39355,-0.70219,-0.53236,-0.22505999999999998,-0.21581,-0.27892,1.21051,-0.20731999999999998,-0.11815999999999999,-0.05268,-0.81682,-0.19269,1.3401399999999999,1.06618,0.08238,-0.72329,0.46273000000000003,0.44855,-0.80104,1.54793,-0.5834,-0.61773,-0.035339999999999996,0.71864,-1.01699,1.56669,-2.35163
-0.94519,-0.04997,1.42353,0.63222,0.5524100000000001,1.64261,1.65755,-0.83609,2.03943,0.63988,1.43632,-0.7894399999999999,-0.8122,-0.13682,-0.9389200000000001,-0.05703,-3.26058,-1.23686,-0.23104,1.1770100000000001,-2.0766,-0.049389999999999996,-0.53586,-0.36179,1.32074,-2.67794,0.9668200000000001,-2.1511,-1.35995,-0.80623,0.7008800000000001,0.14595999999999998,0.39105999999999996,-1.2430700000000001,-0.66756,0.64944,-0.7057399999999999,2.44907,-0.41403999999999996,-0.97636,1.117,-1.18868,-0.40084000000000003,-1.25285,-0.16914,2.14958,-1.6754099999999998,0.72029,-1.39236,-0.54284
1.08901,1.1407100000000001,1.0364,1.22547,0.62783,-0.55955,0.0015300000000000001,2.6659200000000003,0.30080999999999997,1.18595,-0.35091,0.83509,-1.62887,0.5826600000000001,-1.37285,-0.56712,-1.06892,-0.9316200000000001,-0.60651,0.19615,-0.39878,0.22595,1.85807,-0.71344,-0.52447,-0.7800600000000001,-0.17105,-0.40293,-0.33334,1.33263,0.15473,0.029539999999999997,-0.39085,-0.92179,-0.03234,1.45199,1.33166,0.13756,-0.66943,0.69676,0.41615,-1.24288,1.66772,-0.83965,-0.61305,-0.20274,0.72111,-1.42456,1.8324099999999999,-2.63499
-0.96394,-1.29251,0.66604,0.51259,0.25608000000000003,0.08401,1.19169,-1.45433,0.85136,-0.41128000000000003,0.9888,-0.7196,-0.86892,-0.24916999999999997,-0.06949,-1.56758,0.02078,-0.14211,0.5049899999999999,0.8836799999999999,0.32504,-0.83844,-1.58884,0.8801399999999999,-0.24825,-0.39441,0.25301999999999997,0.10855,-0.61221,-0.29499000000000003,-1.44071,-0.45211999999999997,1.17693,-0.35596,-0.71737,0.55316,-0.64027,0.63632,-0.95601,-0.76882,0.74049,1.16929,0.9185700000000001,0.050789999999999995,-0.16902,1.29464,-0.27614,1.52867,-1.05785,0.32176
-0.62371,-0.9852200000000001,0.6759,0.64145,0.36019,0.08344,1.04613,-0.86461,0.79014,-0.15317,0.68888,-0.47031000000000006,-1.01506,-0.15900999999999998,-0.32868,-1.4994,-0.12253,-0.3081,0.3862,0.7873399999999999,0.25304,-0.70978,-1.00021,0.64002,-0.37235999999999997,-0.38682,0.14937,-0.00825,-0.57015,-0.0119,-1.22718,-0.3718,0.98849,-0.49011000000000005,-0.6705,0.68172,-0.38908000000000004,0.5149699999999999,-0.8547899999999999,-0.5647,0.67385,0.80116,0.93332,-0.038,-0.24505,1.0971799999999998,-0.06014,1.05912,-0.5844199999999999,-0.20127
-1.18,0.11815999999999999,1.44313,0.50561,1.43757,0.35212,0.92756,-0.95376,1.57087,0.52436,2.42063,-0.31238,-1.3260399999999999,1.20096,-0.5694899999999999,-0.32683,-2.60735,-0.8279200000000001,0.7833100000000001,1.51601,-1.55752,0.11955999999999999,-1.60069,0.2635,0.81206,-2.40503,0.60253,-1.01516,-0.5805,-0.41281,0.36646999999999996,-0.65957,0.63837,-0.47336999999999996,-0.43846999999999997,0.96036,0.16034,2.44761,-1.3239299999999998,-1.08338,1.39286,-0.80652,0.58227,-0.9985200000000001,-0.76861,1.50506,-1.70838,0.74405,-0.55657,-1.0609600000000001
-1.50945,-1.48597,0.70363,0.39075,1.3036,0.33994,1.24579,-2.4539,1.24011,-0.33744,1.87189,-0.65173,-1.25615,0.5646,-0.14612,-1.77666,-0.54292,-0.33526999999999996,1.5624799999999999,1.51641,0.040119999999999996,-0.75825,-2.52438,1.24425,-0.31817,-0.77478,0.17,-0.02554,-0.35447,-0.40289,-1.28092,-0.9499700000000001,1.66212,-0.20959,-0.9548,0.6058100000000001,-0.65045,1.35311,-1.26473,-1.4045299999999998,1.1395600000000001,0.99377,0.47326999999999997,0.12472000000000001,-0.61964,1.64779,-0.8576600000000001,1.78762,-1.0184,-0.17853
-0.49206000000000005,0.72536,1.5113299999999998,0.51231,-0.16999,-1.80728,0.04568,0.90265,0.20753000000000002,0.053520000000000005,1.9276099999999998,-0.15672,-0.8220200000000001,0.82242,0.30046999999999996,0.06817000000000001,-0.6875100000000001,0.24173000000000003,-0.5967,0.49698000000000003,-0.47435,0.13924,-1.1441,0.22576,0.76159,-1.48945,0.5895199999999999,0.6140899999999999,-0.37979,-0.04082,-0.36022,-0.44703000000000004,-0.21949000000000002,0.20305,0.45898999999999995,1.1111,1.06279,1.0700399999999999,-1.79443,0.14762999999999998,0.88265,0.18031,2.84426,-0.9900700000000001,-0.31655,0.09594,-0.77277,0.52396,-0.16302,0.027139999999999997
-0.28969,-1.58932,0.01702,0.8006800000000001,1.5929,-0.5148,0.52108,-1.05777,0.21708000000000002,-0.20763,0.21814,0.28279,-1.89287,0.67079,-0.56492,-2.9559599999999997,1.5084600000000001,-0.22266,1.88516,1.0021799999999998,1.7235900000000002,-1.02505,-1.12866,1.3776899999999999,-2.18223,1.17909,-0.8431700000000001,1.15066,0.34933000000000003,1.0497299999999998,-2.26395,-1.10875,1.7831599999999999,-0.15068,-1.02209,0.9404399999999999,0.08652,-0.56082,-1.1453799999999998,-0.62592,0.5784100000000001,1.5195299999999998,1.18882,0.95694,-0.9061100000000001,0.44098000000000004,1.12669,0.7482300000000001,0.9381299999999999,-1.5326799999999998
0.33697,-0.27531,0.80269,0.94366,-0.8694200000000001,0.43955,1.1349200000000002,0.9207799999999999,0.6714600000000001,0.24018,-0.6907300000000001,-0.46166,-0.572,-1.28504,-0.7399600000000001,-0.81406,-0.48171,-0.5678,-1.29987,-0.019969999999999998,-0.13463,-0.55787,1.03015,-0.39064,0.062189999999999995,-0.5160100000000001,0.39558000000000004,-0.71739,-1.1698,0.14605,-0.67888,0.5747800000000001,0.05446,-1.14303,-0.40742,0.67995,-0.38190999999999997,0.00355,-0.09015,0.30183000000000004,0.18683,0.08045,0.92612,-0.54059,0.33653,0.87118,0.47846000000000005,0.18713,-0.49521000000000004,-0.15220999999999998
-1.74701,-0.88369,0.98588,0.2115,1.8033700000000001,-1.31485,0.37485,-2.13463,0.6865399999999999,-0.43888,3.1407599999999998,-0.23794,-1.56155,1.9246,0.43041,-1.50511,-0.14997,0.22229000000000002,2.08412,1.71574,0.24838000000000002,-0.38574,-3.58687,1.6792200000000002,-0.32599,-0.9079,0.04897,1.12714,0.32051999999999997,-0.17461,-1.3341100000000001,-1.64087,1.51949,0.67185,-0.41568999999999995,0.95778,0.4452,1.5568,-2.32734,-1.31132,1.44356,1.2094799999999999,1.8849200000000002,0.04705,-1.09884,0.85662,-1.16887,1.76537,-0.34428000000000003,-0.36643000000000003
0.49945,0.17159000000000002,1.09505,1.00335,-1.55059,1.06504,1.4583899999999999,1.46018,1.0159799999999999,0.49348000000000003,-0.96145,-0.7337,-0.1648,-1.9307900000000002,-0.9366899999999999,-0.0533,-1.50128,-0.849,-2.30235,-0.26532,-0.98565,-0.36663,1.8037900000000002,-1.0604200000000001,0.90191,-1.28291,0.8516,-1.6323,-1.75085,-0.21714,0.034710000000000005,1.16964,-0.49365,-1.60295,-0.28674,0.57909,-0.64015,0.4023,0.35808,0.49718,0.1119,-0.62407,0.54218,-1.11332,0.72378,1.19672,0.11556,-0.03229,-1.0352299999999999,0.16697
0.5973,-1.64965,-0.07907,1.1004399999999999,-0.62532,0.9174700000000001,1.42087,0.11308,0.41489,-0.13955,-2.0295099999999997,-0.39781,-0.8398399999999999,-1.9281400000000002,-0.98313,-2.4472099999999997,1.30016,-0.56029,-0.4977,-0.09614,1.3955899999999999,-1.35251,1.2454100000000001,0.20388,-1.50965,1.2817100000000001,-0.31279,-0.1723,-0.9195200000000001,0.67702,-2.0367,0.44959,0.9902299999999999,-1.31276,-1.09934,0.4783,-1.04617,-1.35025,0.37609000000000004,0.16935,-0.20781999999999998,1.23434,0.34818000000000005,0.5885199999999999,0.33541,0.91104,1.8241,0.44598000000000004,-0.16327,-0.36699
-0.37006,-0.99379,0.8532,0.7849,-1.17412,2.08118,2.20302,-0.59641,1.63014,0.07317,-0.5432,-1.31902,-0.07724,-2.21774,-0.8211200000000001,-0.67889,-1.58776,-0.94429,-1.4473,0.26777,-0.9481,-0.82284,0.57358,-0.4783,0.86403,-1.26516,0.9378700000000001,-1.97452,-1.9165299999999998,-0.8420200000000001,-0.39871999999999996,0.9628700000000001,0.39602,-1.6826400000000001,-0.88836,0.19396,-1.70022,0.86444,0.50369,-0.39737,0.32895,-0.024319999999999998,-0.5391600000000001,-0.70734,0.75468,2.18267,-0.37151999999999996,1.05461,-2.13144,0.80967
0.89351,1.34687,1.06398,1.1576799999999998,1.7461400000000002,-1.39846,-0.58901,2.50726,0.07532,1.27057,0.53878,1.34902,-2.2397099999999996,1.92505,-1.2785600000000001,-0.82165,-0.87851,-0.80066,0.49105,0.63868,-0.15927,0.44591000000000003,1.03997,-0.2417,-1.00491,-0.7117399999999999,-0.53293,0.31403000000000003,0.36285,1.73875,0.08073,-0.71132,-0.11635,-0.37746999999999997,0.0622,1.7695299999999998,2.09445,0.34037,-1.39592,0.48066000000000003,0.73458,-1.22747,2.21462,-0.66497,-1.27042,-0.64394,0.59872,-1.56351,2.72361,-3.50181
-0.032310000000000005,-1.94177,0.04004,1.08002,0.56988,2.95454,2.27733,-1.35392,1.7556200000000002,0.36388000000000004,-1.4871299999999998,-0.6461,-1.1266200000000002,-1.71205,-1.7548700000000002,-2.40848,-0.87213,-1.57076,0.36696,0.75707,0.0329,-1.24126,0.9712799999999999,0.00828,-1.04006,0.0529,-0.08287,-1.9223700000000001,-1.29332,0.15558,-1.06308,0.43386,1.51232,-2.00852,-1.78883,0.32505,-1.8716,0.14720999999999998,0.8564299999999999,-0.87408,0.27459,0.07192,-1.70225,0.30344,0.051820000000000005,2.26852,0.71933,0.6007,-0.7517199999999999,-1.1619700000000002
0.58324,0.11800999999999999,0.98236,0.93519,-1.8474099999999998,-0.12991,0.9708899999999999,1.75653,0.31842,0.11145,-0.89581,-0.5949800000000001,-0.14089000000000002,-1.7401400000000002,-0.41366,-0.28844000000000003,-0.20234000000000002,-0.23331,-2.2896,-0.5046,-0.11892,-0.47803,1.40116,-0.66313,0.50017,-0.55512,0.64545,-0.48158999999999996,-1.3761700000000001,0.03531,-0.66057,0.9134200000000001,-0.50554,-1.04945,0.0037,0.66255,-0.1994,-0.2878,-0.1065,0.8222799999999999,-0.020309999999999998,0.21498,1.64562,-0.8039,0.71278,0.5213,0.58765,0.12072999999999999,-0.72578,0.56807
-1.1286399999999999,0.26071,1.6621700000000001,0.50753,0.34652,1.0358399999999999,1.43056,-0.69109,1.8847200000000002,0.52684,2.01843,-0.8428399999999999,-0.67392,0.13028,-0.5704899999999999,0.3511,-3.29936,-0.9490799999999999,-0.41973,1.1576899999999999,-2.21884,0.12087,-0.9873,-0.30876,1.7157799999999999,-2.98988,1.1508200000000002,-1.8474400000000002,-1.30597,-0.98249,0.80081,0.048760000000000005,0.16154000000000002,-0.92558,-0.35462,0.7025600000000001,-0.41073999999999994,2.6796599999999997,-0.78513,-0.8947,1.22589,-1.1137,0.19391,-1.4656200000000001,-0.15633,1.9547700000000001,-2.01724,0.8661200000000001,-1.54609,-0.14714000000000002
-0.66182,-1.40052,0.5140100000000001,0.53291,-0.54413,-0.58697,0.9990600000000001,-0.93248,0.28321999999999997,-0.7402,0.44321000000000005,-0.76485,-0.59636,-0.74871,0.27447,-1.70197,1.16239,0.31127,-0.04732,0.4001,1.0515700000000001,-1.0436,-1.34368,0.9556600000000001,-0.48546000000000006,0.32683,0.18049,0.80267,-0.59133,-0.14883,-2.03665,-0.29355,1.00163,-0.16713,-0.50666,0.50471,-0.55886,-0.20731,-0.9681799999999999,-0.29247,0.41686000000000006,1.86917,1.65298,0.26759,0.12894,0.8232,0.35436999999999996,1.5954899999999999,-1.04913,0.9525899999999999
0.01665,-1.18898,0.5383,1.0222200000000001,-0.4319,2.7981,2.30288,-0.54451,1.8134700000000001,0.44861999999999996,-1.2683200000000001,-0.94839,-0.55706,-2.13594,-1.51862,-1.28037,-1.6841599999999999,-1.47053,-0.8956700000000001,0.40576999999999996,-0.7966300000000001,-0.9101600000000001,1.33513,-0.58086,0.11482,-0.8665299999999999,0.52013,-2.36089,-1.7837599999999998,-0.3225,-0.37244,0.93606,0.70443,-2.0942,-1.307,0.28557,-1.77646,0.5996,0.90548,-0.49833,0.25046999999999997,-0.42253999999999997,-1.31518,-0.42971000000000004,0.48296999999999995,2.2734400000000003,0.1543,0.51618,-1.3847,-0.37456999999999996
-0.72816,0.0594,1.391,0.44133,-1.02809,-0.9476700000000001,0.75741,0.18575999999999998,0.5232,-0.29385,1.45723,-0.8355899999999999,-0.2435,-0.36766,0.42101000000000005,0.013730000000000001,-0.65061,0.24254,-1.1617899999999999,0.31623,-0.51778,-0.24916,-1.14452,0.17093,1.12962,-1.44652,0.92076,0.1109,-0.96485,-0.64223,-0.60863,0.02416,-0.08442999999999999,-0.14553,0.20546,0.6925100000000001,0.06429,1.01013,-1.2532,-0.0009400000000000001,0.70194,0.6039,2.18308,-0.92638,0.25198000000000004,0.75969,-0.84788,1.17918,-1.37238,1.17736
-0.2142,-1.71114,0.17321,0.94629,0.67373,1.9388,1.81253,-1.2605600000000001,1.38021,0.18044000000000002,-0.78778,-0.50366,-1.2007700000000001,-1.07799,-1.30467,-2.28839,-0.4413,-1.14256,0.58528,0.8135,0.27491,-1.1041100000000001,0.25838,0.32295999999999997,-1.03239,0.08242999999999999,-0.12327,-1.15024,-0.9380799999999999,0.21494000000000002,-1.24265,0.06255,1.45259,-1.4566,-1.46805,0.47176999999999997,-1.33124,0.16507,0.24276999999999999,-0.80291,0.40891,0.40508,-0.81118,0.31337,-0.13581,1.8179900000000002,0.57923,0.7369399999999999,-0.52798,-1.00063
-0.0907,0.2142,1.14414,0.7797,-0.11452999999999999,-0.20473,0.72547,0.73895,0.71675,0.35759,0.6047899999999999,-0.23934,-0.8720600000000001,-0.10680999999999999,-0.52058,-0.43706999999999996,-1.06707,-0.46931000000000006,-0.6845600000000001,0.42711000000000005,-0.57153,-0.16162,0.08167,-0.17022,0.36717,-1.19963,0.4501,-0.45931000000000005,-0.7994100000000001,0.08881,-0.27271999999999996,0.04696,0.03379,-0.67457,-0.15598,0.91553,0.24398000000000003,0.7915399999999999,-0.79714,0.03361,0.62115,-0.23874,1.38789,-0.80089,-0.12418,0.71478,-0.26419000000000004,0.21116999999999997,-0.21813000000000002,-0.52374
-0.58582,-1.0907200000000001,0.58911,0.66686,0.48691,0.12775,1.04465,-0.9277299999999999,0.7723899999999999,-0.15023,0.58122,-0.41305,-1.09984,-0.13405,-0.392,-1.67658,0.01325,-0.33849,0.53965,0.81321,0.39007,-0.76408,-0.9697399999999999,0.70024,-0.56718,-0.2207,0.048530000000000004,0.0409,-0.50713,0.08553,-1.33013,-0.41988000000000003,1.09348,-0.50495,-0.74693,0.6893,-0.40536,0.40475,-0.82763,-0.59196,0.6545,0.85929,0.8628,0.07459,-0.29734,1.08394,0.07213,1.03235,-0.46113000000000004,-0.3455
0.41938000000000003,-0.22029,0.81096,1.1780899999999999,0.22815,2.48278,1.7957900000000002,0.5341600000000001,1.78345,1.07588,-1.0381,-0.33758,-1.01131,-1.24645,-1.92933,-0.82486,-2.4973099999999997,-1.7872299999999999,-0.8097300000000001,0.49962,-1.3366799999999999,-0.37454,1.96155,-0.98562,0.15661,-1.3971799999999999,0.39759,-2.55278,-1.52286,0.15905,0.40836,0.80979,0.27352,-2.11678,-1.0533700000000001,0.6824899999999999,-0.9106299999999999,0.94155,0.70118,-0.26955999999999997,0.40352,-1.45876,-1.06739,-0.8377700000000001,0.062310000000000004,1.83866,0.042980000000000004,-0.42343000000000003,-0.324,-1.64756
0.61063,1.02747,1.13657,0.9677899999999999,0.45633999999999997,-1.6002100000000001,-0.29907,2.2296099999999996,-0.06737,0.69285,0.52583,0.68475,-1.48204,0.9748700000000001,-0.62359,-0.5212399999999999,-0.3603,-0.28767,-0.40323000000000003,0.26298,-0.00604,0.19033,0.6289899999999999,-0.17377,-0.39266,-0.66961,-0.09326,0.52759,-0.06295,1.09646,-0.31415,-0.35653,-0.29486999999999997,-0.24615,0.25801999999999997,1.44055,1.57429,0.15925999999999998,-1.33903,0.63146,0.55713,-0.44702,2.5956599999999996,-0.72083,-0.6442399999999999,-0.48051000000000005,0.44956,-0.79187,1.51779,-1.8082599999999998
