0.27388075768689,-1.71671861785314
-1.61251084452728,0.12914849904654702
-2.10364630366783,0.310510562776643
0.0895909368891851,-1.3946253015542098
-2.86387948558908,-3.10831435667292
-1.81890189033282,-2.55890250244357
3.38602812468858,0.7769995128859709
-2.54833562155912,1.96085731685349
2.08244393679353,-0.541960238621557
0.504160854157418,1.82699898227447
2.54962289200248,1.69027050870046
-1.25264740607895,-1.21246424191054
1.34182894782252,-0.548847014555806
4.15239770911543,2.4409536527658395
2.4864219166160497,0.8828803222688921
-0.955415739680433,-1.76606501651254
-0.959807081610002,0.610942966438186
1.48381625118113,-1.5124257861956298
0.9088230566515179,-0.74418822584416
-0.0301125410983377,-2.94040190497159
0.7683601993489291,1.3431786868318998
-2.38723124559911,-1.14523142224198
-2.2465047120439396,1.29348212634338
0.7745807071953671,2.69213304544334
1.0733051572299699,-0.822033812640932
0.0825292109272115,1.18546412413665
-0.933248163202962,-0.5243661985358771
1.0170475847433298,-1.19173716300361
5.81008762042176,1.7297173290254
3.4491946319681297,1.87102091446944
1.2106910750478201,-1.8710555879659
0.578834403520187,3.8893042610336805
3.0409629661569904,-3.9846303531112097
1.9998794554733799,-0.20527293479185701
-1.72434577097676,-2.5063932813758196
-0.154357250286375,0.539712414389944
0.34905833644259304,-3.50876648304384
0.855849843542269,0.605974648252821
-1.05853248729002,-0.25967697873986
-1.74856088087225,0.527685388196783
2.1298933020610202,-1.9292616271223102
2.09394642661022,-0.109268192653949
4.0109270578622,-0.779341452643991
-4.41491133892656,-0.134128307938395
-1.03830041887303,2.64435275732336
1.7900306542625002,-0.740571495217154
1.12368855954151,1.29354303472655
-1.58061374023355,4.0754542861838
-0.12633024307758098,1.4854289221179098
-1.87395959613076,0.435583068803925
2.43186613842311,-0.121523239457724
-1.44791013825032,0.0869675002095696
-0.562448813115155,-2.1600010557399196
0.563415033803652,-1.41147804640652
-2.7601808542810398,0.262500476793947
-0.19966684384033803,4.1311181004482105
0.6575686922456611,1.28607629832817
-0.493660888865743,-1.20771177866248
-0.9903379093560649,0.0332245862988394
2.07538740865655,-1.7854888063369299
-2.5429806420497902,-1.88950612612686
-0.731164042930484,-1.46345642271745
-1.02286239652349,2.2113411484492596
-1.25621383151654,1.47210116475981
-5.17820359456687,-2.02307301450869
0.6077534319911999,0.9683389597421279
-0.661922367356907,-0.8246553367266349
0.699161550610631,-1.72230290672501
0.751491642214015,1.06312009325395
-0.6294250578568671,-0.526222341059666
-1.3201768189745,0.9834500354074681
-0.649292121500792,2.6684792798070402
-0.9946121276085329,1.63548414994385
0.11007557123680099,2.60711577185312
0.9229172825643921,0.750564170673846
-0.016071679812284998,-1.08797339156974
-0.188015703408978,-1.8401843431849298
1.0571652060295,2.62374519987664
-1.4718359149404099,-0.9683650786972299
-2.45631458879916,-4.33711091052494
-1.3383582388645,1.00478986324763
-1.26393964813595,-0.864848346047563
-1.04722880536853,0.4361809063717079
0.9316769318894871,1.05706857736205
0.569873729452524,-0.0384921942377515
-2.30310819789793,3.1134405017258198
2.73807357475194,-1.37414654261796
1.4261940250617502,1.313751734974
2.59605927353413,2.7464513085855096
-0.30404831948032696,-1.9183897536941998
-3.9860489949894906,0.42537928469179703
-0.7137580780613041,0.292886958169167
-1.5559256833454698,-2.62053017269484
0.480753855341879,-2.5790270718112405
0.7059543497413051,0.5065876947910349
-1.60429471025444,3.6804869002393104
0.0528268565783544,-2.01976816785707
0.00173453264143814,-0.769856212593332
-2.0854998879286497,0.7859575414715501
-2.1705418193827,1.2065091693672199
-0.698504316022952,0.469734436929798
2.33767136252155,1.11030132026904
3.0340818731368797,-3.71163828475246
3.21781496319256,0.333055127380935
-3.50786900592734,0.7414912138257621
-1.24657676052073,-3.1815701218932197
-4.16931444173088,-0.857326493108432
0.0496548616534532,-0.0557203896093361
-4.0964693970280495,-2.48033969348278
-0.108622611884051,0.721809733068336
-3.20070950513098,-5.0264208474044
0.7402386435625501,0.24750695367795497
2.7747858749992402,-3.1921120687064506
1.1300235255499098,-0.8779248496292029
-2.7589167067425002,-1.6530400955074
0.623079426608655,1.3811194776894298
-3.74710616914873,0.119945034088351
-1.21196209836535,-0.7000454603539461
2.46383428265448,-1.35174303522935
-0.682077292425313,-0.580810465601453
-2.2345488261360402,-2.23276377294961
0.408293534544369,2.48436016588164
-3.0844406952528503,-0.0884378818154596
4.56705936539959,1.55732875692951
2.06310500486639,-1.6190054973723
-1.4187298374313,-0.0422883023725108
-4.808341936656941,0.0344574861928601
2.61771894558645,0.36220258157403706
2.57418678110561,2.12457556973451
1.47521665059879,1.56964432615391
-0.12496366494366498,-1.07769224057298
-1.8966235501425501,-2.0750057475111
-1.3148426022356698,2.02956244915518
0.11878268380896902,-1.49557344012584
-1.09859737602447,1.28361060888505
0.33428463527440005,-0.614229046797635
-0.789626898821027,1.5478601544781203
-0.591356298294787,0.8500666391973071
-3.56380506312842,1.27708851370023
0.9598604333960171,1.1041810253956101
-1.42732125873203,-0.0186032179992267
-2.73587811502112,-1.2850142715456598
0.471338899573227,0.15931127213748
-0.8955214029066801,-0.331823293182898
-0.0286077282182328,-0.566439178016234
-2.99534130797651,-2.3809334315890496
-2.2919065223170696,0.46368267233173704
3.0218013563601698,0.556014908591147
-3.62732080830355,0.947176593810021
-0.444054283710386,-0.5573614427429661
2.75363675246872,-4.92635655990611
2.16219524396105,0.5658512402410961
-3.5255102164419596,2.7302502357797005
-0.66297893819692,-3.72284828756434
-0.0914987343934032,2.1755361796688
-2.78374732892223,1.08507942790558
0.14273063110871698,-0.753358054501905
-2.25405196174064,1.48218606742056
-0.472252553436459,1.0863803357672501
1.05650938476776,-0.7579437698298341
-0.531640318115672,-2.60507874281152
-1.55802630497347,3.1555979925940605
-0.25046840741419396,1.37042730833758
-0.34794057004218293,0.661653073897824
1.93720989902483,-0.38696980392110797
4.14914037891827,-2.5152287893773098
-1.8466653055306297,0.9683300211652641
1.3773494524094299,-0.33375149437603197
-0.0217518167698624,1.83832337055394
3.0043161569148396,0.8156286245402651
-0.891560007153093,-1.6287161734768
-0.698329726861557,1.25626743892234
-4.72259694515901,-2.2362464236877404
1.6889286882310701,-2.9887678248158105
0.0153333281908648,-0.926289585453129
1.37883878042627,2.39620681809852
-0.40453890110723495,1.51467384442996
-5.00795789763818,2.8529395047497896
1.33530566131112,2.03514558358961
-3.08401740165621,2.49155238660348
2.3929154637509398,-1.6644594370512802
-0.761170311377154,-1.36320297382453
1.79941377481625,1.03596029234039
-1.3325688546913301,-1.7848280904801799
-1.76625859011789,0.832770508603759
-0.9587878758027449,-0.0392513079676393
-0.36296144204620207,0.25757254306322397
-0.631103147709855,0.849697298565296
2.8254844593321002,-2.16435197179605
-1.33441426298788,1.85864990786376
-1.0219657494951802,0.24914763849109198
-1.7538308908052,-1.7040816918268502
0.28929798728086,1.9826539996454702
1.5304353903832901,0.6373563214737811
-1.45777442937547,-0.8410965525075992
-0.38117067889931605,-4.24214062881547
-2.3971106602398,0.32408338705131606
0.682219542263077,1.5696698090908403
2.14894437642668,2.03591980234021
0.671412648717702,-0.29697903435487105
-2.84114717444467,0.867131585734035
0.28197142159413696,-2.1017483915393402
1.98273563743611,-1.73215804375604
-0.143537630457275,-2.87972674869361
1.2322061467243102,-3.85143367000588
0.0217922351781026,-0.9552262361717341
-1.0899612445240199,-0.925169081267592
0.13110242169484698,-5.06158362182027
-1.68035706646294,-2.6868217895660402
1.37314865988392,-1.4318211759311297
-1.85076712450546,0.6291701323703169
-2.2083939815887796,2.1469228307575903
0.122160268418415,1.57146224616502
0.166437302131701,2.1520977004312103
-2.16658469785905,1.56384055651592
0.581786579206759,2.08426654729901
3.64514571470264,1.21122608126375
0.925755681439795,1.31652230481533
-0.8876848215758281,0.29434747237418296
-3.62153968103911,0.180820370467933
0.952587036487845,-0.685889793542149
0.850676664937111,-0.0341726481678023
-4.53714354258904,-0.136062991813879
-2.47754778796943,0.390252307611479
2.4251079414484704,-0.591943973704656
-2.403577491889,-5.84271732124512
-0.6895592033265141,2.9676704186272698
0.35202517063223204,-2.44337442388835
1.2401428964782,1.8824364226369399
-1.54300323573963,-1.1648886250859298
-0.285374174485248,-1.2717991138999698
-0.42478750950405897,0.975555369598854
1.60877594328445,-0.30383624532472603
4.25361117275102,3.2285012527644503
1.5637175684712,0.9334812423437621
0.0610555285914346,-3.2701412637916296
-1.7956206502388001,0.147213088269224
-1.4242019562499801,0.9592572160810171
0.172199526768224,3.0167699885376096
-0.379031682939052,3.47246500233597
-0.66294880842396,-1.10666327576545
3.83331340854392,-0.6651622657672559
1.1933570992754798,0.942098627173542
-1.27276413773545,3.7220719067652
-2.68001522350617,2.65848249112529
-0.037128209883874004,0.3691913726800779
0.27925205444449896,-3.31322545317536
-2.12724054027001,-2.8120052257227
0.685037326175309,-1.71768776682928
-0.929859541605592,0.163594022834336
1.87866749111209,99.2562842485538
-1.92694757609198,101.165294300852
-0.21871856078123,97.4875138167353
0.572574562268217,98.5745601065373
-0.189120660656536,100.32586921084999
-1.3102940175925901,99.443769140639
-1.59335330706693,101.568329502588
2.16226683026443,102.80595964320601
-3.79197192031515,101.01651435108
1.32232339880045,97.0225221942119
-0.631799464469388,98.27922664774599
1.0605700958681,102.85135133655399
1.422265172056,97.9131537325794
-3.88671078539939,101.822387608011
2.80542141556338,98.33383751395321
-1.2307313187372702,99.80176883978001
-1.87162021954348,102.803111983477
1.7403909275359,103.21160692266301
0.11081260973334402,97.8871778807158
-0.659544687445552,100.237739521029
2.07511622896449,102.608517004088
-2.0557017391903303,98.4323508060866
2.18198680164523,101.548898332013
-2.51986493175059,98.22039743851731
-1.3842541439676899,99.42974500923741
-1.50657009655768,101.452673233446
2.73841478664291,99.90234497339321
1.20671075678129,100.788477062326
1.82043929915508,98.90463565760142
-2.77378249616597,96.6908560801453
-1.73751418476699,102.13748388529899
-0.628346222919683,102.76804613205
1.47663188487555,100.07468023825001
-0.35941731589498,100.79445525719801
2.58926537339843,100.857357863412
2.61376057752125,102.65602717728201
-0.0189690664230586,101.319781891267
-2.0376397273123703,100.543231870914
2.67529850475993,101.663162256617
1.5356459878013,95.6399847129293
0.9432116084675061,103.708320139852
1.76714769007206,97.6962853545995
3.3004365858915605,100.267673251402
-0.7329517137067059,98.1149810330109
0.00728386152269697,97.87299791303309
-1.3707158624368603,98.6937999954216
0.18201149661859803,103.192377113103
-0.34295209438667795,94.9624136347352
2.0648070666831497,95.9793544771776
-2.5599107236839505,97.3721481385997
0.0572096794887882,98.77599091276849
2.66279849735248,99.7081592012864
-1.89687094861751,101.70450417429501
1.44430236075594,101.480036123022
1.72887618127469,101.511812575745
1.55460076554971,98.05553684403841
-1.2652856831208301,100.50891564988702
1.7878993548229798,100.90759010077801
0.778542524754761,100.562923134763
-0.783509182155806,95.0091970390631
1.99968841788518,100.582854381834
2.8722184964054196,100.999868810975
-3.4149822783455894,96.550647033314
2.24929463967452,103.909939019112
0.0302362254839684,96.752600182202
2.0860652928171204,101.43130653659901
0.917979508546546,101.013960574054
3.14390233644162,101.345852868176
-3.1286858279588103,104.823564144538
0.947899386560946,100.88024905718201
2.2474310723909503,100.02616723330601
-1.91429082079216,101.749276152327
-0.34199943927749,101.407867207358
-1.2147784886579298,101.654613882354
-0.20207146985631697,99.2783366565883
1.49578347286156,101.663638491208
-1.93006534278018,100.08869424655
-2.31304613886764,98.81916777523159
-1.84539275155384,99.2188152667556
1.8976366581150002,97.9616055429319
3.63321879817563,101.840812131894
4.11731620536513,100.876592971164
-0.9779179593787141,100.344916844123
0.0237206791132757,99.10905248563249
1.3520012830672299,100.197907366707
-2.8270155871550093,99.55249821595609
-3.29216672774364,98.6288857320801
-2.52778228384968,100.33988806750901
-0.00522637934548178,100.211042908243
1.6052308883273798,98.3865186662989
1.1492005266459098,97.649242713339
-4.15103081182073,101.713312656369
-3.2068582292464196,101.279397350376
0.252442607779999,94.6954366148637
-1.80556983114323,103.676772311074
2.2629937271694303,98.5725474440657
0.48966805071298497,101.94229314013901
2.51268754697033,98.20937703008491
-0.284376216175448,96.0625036258084
-2.10064139888568,97.6821536633999
-0.8824962239229721,99.06067483608659
-3.5370907246406205,100.48822701165301
-0.6802700530658851,98.9775565623739
2.4047878831548597,100.698984780469
0.31881041302750396,100.40061253715099
-0.865160865965109,97.8247181239394
1.7852987972166399,102.514650273148
-2.1516422712481402,106.201116627084
2.0981445456084,100.381904386562
0.3320794975181369,101.122764095439
1.8240233822706398,100.426015824507
0.6701728919508672,100.919082655556
1.01716587279806,101.814015403776
1.05471699161316,97.76883495665821
-2.3305777369192997,98.5676005099077
0.6675110914999239,99.5882337508848
2.96395149912825,102.10501435558001
-0.593676597097207,96.90436979915621
-1.48150861109954,98.6225854061635
1.4035705968853,96.3559879753607
3.4024408328651803,99.844810910968
-1.78618807223627,100.175358584275
3.87536560394063,99.24348677640042
3.5675755508129,98.5904598820758
-2.39988505771008,97.18292001142429
1.05742732613033,101.487279647745
0.30920135152212397,103.230810951393
4.15942548069798,103.429993972501
-1.8037503887062099,97.9770247300675
-2.34678177307448,101.861348651812
1.03260449878844,104.61292995941099
-1.61913707879277,100.64744496127399
3.2855564674466002,97.07909777149608
2.1719176066861903,97.92685602820869
0.0812542886937637,102.25485093319
-0.23936899634721695,101.165038722765
0.231489056556577,99.4206094010281
-0.13480272325494802,99.95181645931672
-3.6314523416855002,98.1971651258029
0.018703780927975,98.34190597705559
-1.52339989612481,97.95339647286279
-1.52553843388143,97.23637412830341
0.44638821664505196,102.289873063824
4.5154363819679695,98.55369859789671
1.7502111857068,102.369424435583
0.453375744640137,100.18620070778098
1.37183355557679,101.23198609943701
0.761291735302162,103.91281780839898
-1.82017051116968,97.39842686752442
-2.32223210307754,99.93691447331129
-0.693427680610023,100.770579095863
0.572220741414597,102.946044135893
-3.05149055710083,99.72673512504471
-3.1066211793491503,99.05200685557881
2.6766803705887403,97.28221435422171
-2.94913119103132,95.4347015967334
1.4023763273618999,99.929243349254
-2.02047211097148,99.0193271751503
0.932741236581823,102.835099112335
2.66463658368877,100.986753382203
0.5263063286530011,101.533311524485
-2.45513028098788,101.112346177346
3.8033709499242097,100.422050566955
3.63581744166739,97.9137345011619
1.33361243775793,100.20184771071999
1.28365536326491,98.73469282325279
2.112492739016,99.6950911250194
-0.9467141299316341,102.33744354945
0.787971201367016,103.22280175104
-0.741708216899395,97.5505954905969
1.15392817171383,96.08034253965391
1.92766900468146,99.12808179780501
-0.9893744344192059,100.152162530149
2.1503673371591003,100.936496402134
0.21511718826980603,99.32100064160109
-0.5099329696477921,98.1494531259953
1.63932185658608,101.94231932735599
-3.4552747744271,100.47444899198601
-1.27712447821391,101.007278628264
0.7185499479544041,100.51948362534999
-0.5725828752925041,99.40950003016658
-0.512099920605735,98.7175067758371
-0.587592796090824,99.3474036949695
0.20254278554271304,101.651553502907
3.17258766975298,99.1626129246115
-1.1726914297429198,99.212713685149
2.67894786879052,98.103716546556
-0.97097855451024,98.1994804534857
2.0958086405030802,100.48665135135401
-0.605358544039046,96.8814416555209
-0.5652491482550172,99.65605145637491
-0.212153706735063,98.91783226919779
1.56984253060248,100.823300118384
2.43264037751452,104.01368478219801
-1.19702734440222,98.6939138218023
-0.325577382153098,101.24598150879999
0.464738131246788,100.37757804413
-1.50720604726017,101.794315450062
0.334798952657542,102.83130742202499
4.696138071415491,98.4167393786188
0.568843422085099,95.6650380771006
0.10330114861277198,100.177777241213
3.0615330540685695,99.004587564454
-2.25297803031884,99.0314536271836
-0.0977740923792422,98.13966480014228
1.76545392685335,96.92484274322919
1.50203035353501,103.428015724219
0.10804045946048699,103.898394081413
-4.75228065449401,98.7425550944866
1.03578467434127,97.28557227848749
-0.261156586958249,102.56287931773599
-0.38649147273213497,98.7429360956949
2.06911268179361,99.60264765172501
1.8863361099098,98.78708382654641
-3.4421290551107204,101.352253218657
2.0223053904495902,97.3219039858633
-1.8836573862111399,98.3177298625834
-0.33686218286698605,102.339750407944
-0.37299594888568105,101.178612361607
4.21494018169996,98.9850243538715
0.46844800545771004,98.70779410654042
0.07533051402032699,101.60743310028799
0.814005660887213,103.958415454902
2.50365562323572,95.38028893300779
-2.5422336675372597,101.972633179252
-1.19793592896718,99.49737721678059
1.29810827983177,96.7098507219368
0.115796518334819,100.519246811847
0.5737175522210191,101.12515818112
0.31915063901283697,100.66457654497299
0.0154756646940001,99.3940209876133
-1.9555863600301497,100.001466429224
-0.690069626344536,98.5058841896111
0.0921019918960208,102.525540568974
0.39381608773289295,96.8798772808885
0.839819787186687,96.56350157583891
0.862038305598588,100.371587516261
0.887473747612935,100.31093490374799
-2.2450818598597797,101.777082320777
-0.8077356461563,99.251933613002
-0.352609980601355,98.2445364643195
3.26585010725778,101.08445740008301
-0.225672815606209,104.718955687229
4.0501009108690695,98.0816670857279
0.45479910588494005,99.3455048624132
-0.51449584101811,99.70531122194859
0.96652646041398,100.62685062568701
1.02406706241115,97.2158595992234
3.40927612886321,94.49299028367571
-1.4617473734001,99.80600445725929
97.49725145032141,2.94512277058028
100.559730169004,-0.8074015897634059
100.952411999738,-1.89309352838247
102.142044295723,1.84534858464619
98.10975604796239,4.91623624427541
100.12089017723301,2.38554015907684
100.41756282402201,1.04135179825482
98.0501029192884,-1.1081412290865802
97.6817100901182,-1.7950872474488402
98.3728209887378,4.90867966935661
97.3404146170232,1.4353326908375201
97.99264224132179,2.70512604608119
101.612697798489,0.516111972412721
99.0507715430883,4.17594677263753
102.066856850542,-1.55924969383275
101.38451464695999,3.88441083712422
97.5913317249033,-0.7160203489149721
98.36321428247591,-0.6084914044386479
102.36342863588499,1.9728437739425801
104.80465057797599,-1.06280874117418
101.388862940072,2.6867987740934103
100.223717928173,-1.30485166890528
98.8384470448546,0.753499747966467
98.6809785895041,3.9823732677848103
100.429242666567,-2.20030307192994
98.7980340163676,2.8962799293625294
100.001378233962,-0.673275482639684
101.486767634728,1.2502063085007
98.1857647151723,-1.5669822975166698
100.80062940516301,0.7140474519874049
99.5959049756046,-2.2758692033764
100.274873141683,-1.44633619346482
99.1695917181845,1.29926667885849
100.177720601884,0.48106843099536895
98.1475844109561,-1.63373236427602
98.5666994950066,1.53112377447947
97.6607126634464,2.39091137487447
104.755964551441,-1.0465688715280699
96.00781974861161,-2.1754160992223
99.85888768957649,0.277427480098108
99.6619138115677,4.0230709608855895
98.45544139425051,2.1711384093617703
101.113969287268,-3.1499195837503398
101.64768996919001,-0.5514364752811
98.3354012172448,0.5879603394634879
100.51510261205601,2.0044666544755
98.5490120247785,-2.9503928068087797
97.4621296756331,-0.16550802485251098
98.99389220766291,0.0919075415548635
98.5740366516505,1.5968357091288798
100.89755057746001,0.202870424426517
97.08600301740921,1.25306545932158
101.477360303848,0.8598160252842121
101.12267763330999,1.38625179999619
94.6533872492018,-2.27690094846719
102.618123289661,2.5426174198256604
99.66464137808909,-1.42712474875003
100.74893921379,2.47610493300862
104.033357127089,1.60355488485111
103.34288260840599,-2.40937000356992
102.118634479093,-4.05960147433855
103.30217146715201,-1.56735425477552
99.78435692694359,0.58463223957002
100.582659330419,1.75580924499063
101.397792794734,-2.32637233119856
98.2470875515862,0.0668194753882241
94.91030243292191,-1.01846497549776
100.89243519418301,1.1153095781988502
101.257014372011,-0.671632929457826
102.70185404537399,-2.7940708437702204
96.2052264780436,4.16302492719105
98.5599290956584,-0.965136309799989
99.92466224484569,3.13650183646061
102.476784327415,-0.890794908126478
102.437029052796,0.194823115550024
102.89083588728901,-0.536091598631535
100.65459244878599,0.282950909838693
95.7389488207766,0.806594860172085
99.7171989944067,1.18203264017742
101.076198990094,2.63569278248917
100.39823021233101,1.40585086917108
102.44241337857099,0.12999965808240302
99.1333179664279,1.03720164524316
100.72348225264999,3.1984562260025493
101.78797316960699,-2.06272436891694
103.933299105313,1.66846310147794
94.65657723907249,-1.64505135140008
94.9924508879685,1.6444387416808701
102.285522614057,1.74105011626719
98.651895120771,-2.0757096134045603
102.675331027265,-2.6578949093741
98.50333685294409,1.3120513184028002
101.58182003153401,-3.8005330069017
98.861965878754,-1.76970725200201
99.45951618003159,-0.8784248379870521
100.71995932196998,0.35431072956375204
97.7858056321087,-0.659717619048863
96.70079660625309,0.689348385991134
100.16144432060801,0.512524631907059
100.130097143675,-1.06352696376392
101.47965533065701,-1.1816079837755702
100.657592496446,4.91475698492091
100.929287326161,0.788268408332341
99.31076758635729,-1.25230194240914
103.747124423985,1.9054960015874898
103.080382543078,-4.03970488790141
95.3768459440199,2.42370825956502
103.135225676945,0.277593652413103
103.84739048721,-2.5994737061957798
98.9049076948906,3.32871572492446
100.642223747937,-1.1619665400136399
99.01287712100272,0.9085061141804319
98.7001967400156,-0.97673748698824
101.49924685638901,-0.11644045905473299
99.31914638731381,1.52346571213149
99.04785731635259,-2.58903184224377
100.299514362275,-0.718902486059307
98.5884605951868,-0.41446096893187895
99.5033090120458,3.0511016718864
100.641017328643,-1.31453924262866
101.345618447347,-1.56839967125386
99.290333751744,-1.8433347927760602
99.57984666335051,3.43342123091106
100.36878823244801,0.938018656736573
101.785625746398,-1.29898724585252
97.46220697732402,-0.0182595499566999
100.49278428008101,-0.357587037744025
99.74352271199949,0.394445273748311
102.34435329500799,-0.26333847896393003
100.12530059529101,1.1379224676195199
101.241065087715,-2.28745292999923
98.7551934779087,-3.0454782090686203
98.66163496181471,0.620551033603812
104.228240528894,2.75616179437048
99.8514638304928,1.86710631112223
103.103796154224,-1.9269822148381002
98.43751317324092,-2.4085313595569504
99.2097514368243,-1.46987628774407
97.9720994531373,-0.189605177076828
97.9675858655946,-2.8347472841331602
101.75877202726299,-5.19304183515122
100.89108327199301,0.224421523156552
99.7590170269084,-0.27785912422349296
97.2268810249732,2.28397680485439
99.1692067580402,-1.12139064297488
100.38715343225999,-1.1314360760550501
102.090499890949,2.04396896012402
100.18889377803002,-2.53433797150519
99.25749994807761,-1.4087587090306801
100.644810421752,2.23295818374297
97.39177806354309,3.25253439460917
99.093643278311,-3.55309652295149
102.028719578847,-2.31138596557232
99.14301252527589,-3.4228731613843397
97.18436153585908,-0.122896726832988
95.3878686223406,1.22239689107669
101.086078273855,5.34131967967195
100.41620133906,-2.2559389229680296
102.00101940855998,-0.264693199968321
99.48366736469721,2.54594792359861
101.653081548624,-0.94949144219219
102.693404993636,0.8765253203597551
100.099869786239,0.176235850343677
99.98911641163349,1.8163153198759499
101.335358235402,-2.99059539889219
96.5033903745599,0.773391667325643
100.452855517274,4.4382068045480905
99.85899901469601,-3.73709945565708
102.09082563377301,-3.1087929977817006
98.2678347922728,1.3943304596809
101.70871379987499,-1.03253649915029
100.003259700947,1.5260150029892001
99.49040189328859,1.6767375455542999
101.042561800434,1.01813256967321
97.49991326511841,0.518547570712602
100.546878657064,-1.58316037108695
103.21935774260099,-1.0426061287561
100.500241463448,3.17600393972002
102.15460086848302,-1.79714810151737
97.46325303393829,0.0994709148967563
98.5376108714691,-2.64989035687769
101.57035410673299,-0.987387231740433
98.2966055482177,0.912666754654614
100.120307499725,-1.8142533056035801
102.38931763657699,-1.5873703250948
98.1880622653092,0.7536927247847259
97.7642942478813,0.277538937421899
96.4861419264724,1.16359095618294
100.88676601335199,-0.49483621650653203
99.2064111872323,0.0429372893242009
99.18642134800008,1.12916619628995
99.29251605724609,0.9619209523582909
101.894701188491,-2.62441844266906
101.129186894727,-0.9877238463033341
100.07095130947599,1.63488272894557
100.49653573096201,2.9832499738897003
100.448883428246,-0.12135940188808698
99.7473089911705,1.8917481180113602
102.792625763917,-2.86913069600338
96.6279916576672,-0.0360745412876068
100.41948294696199,-3.9031052403667097
101.069365927218,-0.7644728390300579
97.85224705021419,-1.1516566691270802
99.7027927057452,2.90325476062427
98.0337700695331,-2.94025935987468
98.37569285168091,-0.26748453748145
101.58404977772301,0.770966703017808
100.064226930758,1.95334992964265
98.24682059936849,0.6018123809777951
100.752952603419,-0.307998256923759
99.6627040763709,-0.7214373172748199
98.00174710149379,2.19771642465925
101.81223267623699,5.0506753702815494
98.3975683097328,-0.6555402277446961
100.14757898424101,2.393249666479
101.404732868477,1.05517226697022
100.497871202271,0.138745509853079
100.680863220345,0.45014472953689894
101.266300135728,0.189337477280341
102.213170137764,3.09513233685785
99.8980337414965,1.84827123844209
101.201854401878,-0.941965943816288
100.609503148193,1.4975392452440601
102.17700793112499,1.1953060914863
100.56360320356899,-4.21466034457415
96.78699155505821,0.7580358560902231
97.6164871076805,0.152219841155315
99.86416363871821,-2.53641807397419
99.6280863991395,0.23930000149381198
97.21287708773441,-1.5070795374668
101.067570875252,-2.97214039595636
100.70992437029601,-0.943455180541552
100.73161578234699,-3.75771746114021
100.73700338436,-3.55517101898444
101.95269437881001,-0.6459253609901721
99.7866879030851,-1.78875138216803
100.767774553461,4.31971385078638
99.4060208251376,1.14211417418484
100.50892805434299,-1.49701577099987
99.8948121595029,1.2016262246943101
102.113754106828,0.37398096155639293
100.776675335632,1.8252402221368402
95.746225249408,-2.5848722207637005
99.92693156824271,0.406103610415448
99.82102873748458,1.10687292659669
100.200912534967,1.4148323233148998
97.25525689802191,0.0738023640544681
100.31894530939002,2.16662751731495
100.860046134364,-0.0126127490547616
102.025215998751,-0.5166286036244879
101.11542089093399,100.561355085149
100.090795406473,99.5657664268904
98.1128919072538,102.158937410094
96.7859399709423,97.28223347868929
97.6300224476026,100.739555105663
105.561375206024,99.21674226360581
97.5242163349502,96.41625756407619
99.04814229816759,97.34548697347309
99.5288747967676,100.938914240606
97.05930778668541,99.3988549226243
98.7732101302952,97.92352185852491
102.244650073224,98.86662149941
99.4135559645294,98.7897910838167
97.31070177267479,100.753832928872
101.72114975822201,100.695669863872
96.3761068964672,97.3592472426453
101.091555840847,99.33674556177309
101.40046960029,100.801013803841
99.1829625972366,100.57434367391899
98.4983037383138,99.46867858835292
100.03973694319599,99.8907144927958
102.008454497724,98.53485131769742
101.846273867481,97.5157149035203
99.22182289717051,100.50766257153099
98.8964684308505,99.13452225177471
100.25175702984501,99.74815847807209
101.060220336519,98.881088023003
98.9101980958798,96.851256492949
99.0740628554845,101.698053635889
97.4343773164037,100.25497748322701
98.4493430431867,101.374631683519
101.57091417111,99.31253865465591
102.07150219429501,103.425042191283
101.3738092403,98.0486822727119
99.0066323157827,101.34081866252
99.83280426647171,97.99561757176059
97.5978212074825,100.29426633312401
101.929282749349,98.4432840664514
100.790763374026,94.3348492170503
99.62802666541451,98.76187509101271
98.1408762344866,99.0406516162806
96.34185134794441,103.13062250909799
97.343180995399,100.395073785439
97.4948608780111,99.92885936392851
100.069227319475,99.40389503334309
101.513966014422,99.2612918224116
96.6395571402887,98.67261113317551
99.8959243448218,98.4885245032696
100.52704233250999,100.351445893115
99.2215197943774,100.184047324589
98.59839761802459,101.271548883078
99.4223508812965,97.65907219899799
99.4486111393363,100.694196457998
98.2260362425313,98.03463390971778
99.7625027138455,97.4201042067602
99.7361669749038,98.6050235596027
99.6060615036352,99.008027585923
103.384099507337,98.96533411313749
98.66438413997601,98.1028906706224
101.280269551132,100.78779852577699
100.37020374584101,98.38269908711479
101.235384090272,100.491027288828
99.56086934408471,102.503739566365
100.66610483814101,104.179067359726
101.68205954418801,98.5871302618025
98.4101597561864,98.41456703425159
100.75978589718399,99.76460664926371
102.153376687184,101.75153485599199
99.7657635671636,98.60277817980221
100.858358579878,96.84245134146342
98.8866657102998,101.457345435272
100.214285181721,100.334389957473
98.06252867854009,103.16340687843099
98.3896724248999,104.55244710209101
102.97516943990101,100.34433105647601
97.4823581162608,99.62653195197521
94.88798272125092,98.6543733780472
102.28054360264099,99.3933224439463
98.786548151967,99.66303606272
96.83175259874609,99.7660775269603
100.516405638497,102.34342764260401
101.237195264212,102.11636157868799
99.4956508453472,97.9214290993981
101.532331187657,95.4862480213633
99.10688285757641,97.1239579658805
99.63708131690541,98.8152035506027
97.82596098107771,102.216302371091
98.23118252732709,103.620463769972
98.4958460146025,101.14204943401501
97.5630093855481,102.832043636078
98.3123124135537,99.32602075832241
99.5869189880077,101.597588474027
98.94507372340229,100.58532720375999
97.032540374711,98.17725053355092
102.440284998538,102.68896193373199
98.7205736919928,97.4093058652269
98.2033244608167,94.1760554099252
97.2257980922665,99.6360314911389
98.4919164340478,104.23065860127501
98.65702491726842,99.7204473363678
99.84964120645691,97.5262699994603
99.63362122425958,100.55930611411999
100.353832316623,104.482399285669
98.2084469087747,99.24778224416401
96.5546521443684,98.2236236392008
99.2402133843125,101.761760998291
97.9189135417945,102.67755582883801
100.79007058093201,97.299062401284
101.51963475794201,100.047929576497
98.4966481061286,103.933727819352
102.16712593458999,95.7722484748745
99.74545340166279,99.40646897029629
99.1702941455874,98.9654515355005
101.61767460826,101.945936805119
100.125071680577,98.40600652760558
98.76370880696491,101.163448473209
101.539299550816,102.90650857876899
101.060401659424,98.3289732498408
101.42710724798599,98.5397228589952
98.729397532765,102.914533387049
95.0030099199074,97.54886088972471
99.1745756284474,101.02094023907401
100.237788724618,100.450489044337
97.5500484342576,98.87310995824541
98.75241979126508,97.73192385009729
101.117266608976,97.3860245387482
104.45563882151801,97.6831154389439
101.500506932994,102.769049939794
99.9634448627443,99.743774415411
99.3636213826738,97.27332220137129
98.51790050709249,99.44371543449681
100.870701807041,98.91168724037571
102.00755533709899,99.98889131579651
99.98406670108231,97.01535472663001
104.62151568934999,100.712372593141
100.152924675726,102.47732067753
98.39383301774599,101.667405012702
98.855121574666,95.31517321314509
100.731720507102,100.14223767249901
99.74099909176371,96.6230885314247
100.69814406303401,97.9590807155101
99.38769743240981,101.489173826136
102.087216502504,101.738121429231
101.837050569948,103.663615615998
96.6475240758075,101.844753017938
103.403565098543,101.03902672236799
101.96983325270901,96.44109487259621
95.4580524141551,101.50461690951
99.3325665423183,100.493705962251
100.286871744884,98.7373998070454
96.1690576895237,100.83976436214
98.9795603095944,96.70443768970871
104.460537026403,99.712363778315
99.4230567542543,99.15198942596929
99.02556968512991,103.68256688091499
100.232574780306,100.34419686740499
98.33085519004351,101.17199792282801
97.7150505417167,100.400051280648
100.37003755985799,101.503747516537
99.8506652162614,99.12191699982279
100.94453553630899,97.48055303770072
99.35361770506859,100.638030845784
100.135098601424,97.6195698711749
101.716281625268,98.83925070197171
102.353084733729,98.6946966047631
101.41807341248399,102.576332711278
102.49569700539601,97.6838442815887
96.2969219746653,99.848468296367
99.1928281860004,100.754349461877
99.6759402146262,101.93762580199
96.2798385358061,99.98772599438091
100.050865140481,99.21675780836651
98.91676002069892,98.6583328203549
100.91428780220501,100.93221005333
103.45368224741999,101.649063921952
98.69702237494529,102.173982202355
98.9324190205927,98.2012351311126
100.968425792773,100.204276628657
95.7514328451098,97.2899172989151
98.10841337821009,101.09809457293301
101.313421989744,102.84320182561
96.62778373199181,99.1035733613659
97.92048601152429,101.02024545175301
100.320479212889,102.905492075668
98.4336644092085,98.6610713081055
97.5856004615904,99.12262000784891
102.77698593262801,106.892201503857
98.3016550559828,99.12270987546042
100.270679733349,103.436469548934
99.449078421512,98.72925378657759
97.1565574848406,97.98523992774851
102.359456855436,97.75395433833789
96.9817471847989,103.163227882807
101.611374128682,94.00402308006741
101.0573718072,99.35638467722059
98.2725896844292,99.70979621911091
99.1337245934774,98.4749990295703
101.986134104041,99.32738955817409
99.6496297408545,95.5735795244589
96.9999748884897,99.33096328324311
95.3809285337435,102.228391350424
100.77804211136801,98.74332418060949
99.937345184035,99.0024608296241
99.0000158444393,101.871504934296
100.61722328062,99.0525307047173
103.513372219264,98.29779480765811
100.624924159908,97.3876486960655
98.9314219323159,101.70161120868099
100.564157995258,101.058013024838
99.62436110979021,98.9886951919224
98.2086532250285,102.817578896341
100.97889552500799,98.7425794297377
99.8458205700453,101.02513436859002
100.309348747342,95.4211485530868
99.28273664706579,99.8763066046237
100.82389571989401,98.79232136162871
97.31894477670059,98.8842883622199
100.610915062186,100.507373245043
98.8579298291902,98.92992293982999
100.16923100455601,99.2306029613098
100.38408118342,100.885652844594
101.159846723504,104.64153928443501
100.736541553286,98.5256065602652
98.2273784431646,102.36444660693701
99.62382412549731,101.073912404497
98.9251447560537,100.75100761120702
101.70831453402,101.259630320788
99.59446825275141,98.907849038701
102.837718891514,101.215703320915
96.90367014555478,99.1118559854129
98.32376070498259,101.206515260245
101.069573652882,99.341172046778
101.19455007891199,100.41455057075301
100.379027912697,100.898181564377
99.0965742393808,97.51227822632141
102.447590005623,96.1792819828938
98.4749349282909,99.9910344916637
103.724355829951,100.86464717831
96.9636266397047,104.297948427893
99.5409504544079,101.698400666072
102.107865953956,103.821891453929
100.460180346906,100.71365358705499
101.054689163911,102.35450474230998
99.41520268615379,97.79946321771669
99.4062514945706,97.3074720639952
103.64398557682199,99.6248685243577
99.4048490243105,97.70315970704891
98.664522356168,97.15442749857951
98.6554744593449,102.04209321937901
99.5837863915975,102.53562906332199
-0.359064800782568,0.730150793078433
0.362171146540258,0.014635131789807
-0.608063101640352,0.8674663422174591
0.5705370034048779,1.74311483262821
0.0015707154361129301,2.08529235283214
-0.378759997720551,2.42423150136931
-0.25169788977352997,2.18971621382307
-0.670345421413845,2.64067325600216
0.371732977318132,2.5351769770584904
0.0692294808474025,2.27408777929474
0.18077173119978898,4.18909214960248
-0.484363661845596,4.09983191829284
0.190137293012656,4.75183646958275
-0.548579370355613,5.7413158603813494
-0.21854923470051602,5.7048740032454095
0.0260146228663328,5.54425909549648
1.02738489621545,6.59071267405458
-0.943446627303785,6.67488109049879
-0.47141439270987706,7.25586988249406
-0.912188096054398,7.87725916769491
-0.41324555607497,8.328835885741611
-0.07273563911957599,8.61184835003531
-0.217107772071719,8.68242891374377
0.40500576186615295,9.10211857661615
-0.34670705569014504,10.179737151506302
0.5929199083875321,9.88400084410317
0.0541435893938194,10.959914988859198
-0.23523912361748897,10.8220747098075
-0.011575132936807,10.551403057033
0.245105455053905,11.7828722037288
0.142303275240912,11.9491655586746
0.574095666042374,12.358338401068899
0.9665827811247529,12.599119745113402
0.0282677816354861,13.5449935487271
0.515836906854477,13.897496208327198
-0.258144914546037,14.196914705235901
0.108921045080127,15.5431584292351
0.241807476162002,14.599330562918901
-0.179991482236595,14.1884942163401
-0.319091938861513,16.0838886574901
0.08105669610446001,16.368529949084802
-0.000574809271712151,17.0651281344742
0.393665483466817,16.601801101057
-0.531081057166432,17.2018706746567
-1.05718866794072,17.751845500496103
-0.36838751087991706,18.0762189323183
0.222484131323036,19.3643673049665
0.545627141021813,18.8972900774012
-0.0414400019941869,19.9958692951135
0.662413639801293,19.5798045771918
0.17158596217190103,19.2018278039465
0.13347025558310402,20.5760714504855
0.167394583795612,22.4707624114044
-0.197921279105695,21.252531647616102
0.0553980588114837,21.2685774608089
-1.57690301436327,22.1287074584723
-0.131554820029548,22.9008559916172
0.235172704441815,23.0135977842561
0.14047079085300399,23.5213446322278
0.0158223644281023,23.989071248235803
0.5665772176281789,24.2274731638339
0.22752639553453896,24.6607104582968
-0.0577468202063203,25.1148447406174
-0.269467964491672,26.0888791239221
-0.32602553818303803,26.192970182030695
0.192557490974751,25.224244216276002
-0.84744538597725,26.4226511730591
0.7431818739032909,27.502999608944503
0.0190514320179943,27.055617261903897
0.0579434252320895,28.3718242342666
0.132837153030372,27.371773370342197
0.539767669913185,28.2669434590719
-0.41983521296237,28.8416642521386
0.118900117478596,28.414901103400698
0.681934350389421,29.909996005033697
0.0415928733151558,29.4147252844692
0.9426057587907529,30.6537262142794
0.40946836567544,31.103143180020197
-0.46165713531953106,31.6092043795446
0.23258243092490397,31.1482832469869
0.197216775873037,32.9433837439256
0.0870963818570053,33.143040078036
-0.0521954962642489,32.4491981550512
0.9202181717709058,33.178584683755496
0.5000158782397379,34.0197145189117
-0.703673421622473,33.5470172334824
-0.0110900740133292,34.3636870291924
-0.190328378413127,34.4396508792716
-0.37906352659190995,35.2162288804501
-0.143338584453569,35.1154197955407
-0.773494755102927,36.6585680400934
0.13266013433227,37.4008540667997
-0.703973059362116,36.032889618128294
0.178553741068243,37.4255254041804
0.558613160828651,36.7018118070528
0.448959705983157,38.1265918316446
0.7084911749516121,38.5187271423169
0.769942531395819,39.0649253030209
1.07032639741689,38.983182560025
-0.11310054203546001,40.6166639226996
0.190861356835666,39.2454175043866
-0.29473433521644604,40.79849950361729
-0.30645170616438394,41.0919930953946
0.409024008383401,41.251712243684295
0.105628825556286,41.5459960895805
-0.0143842267434341,42.2953759099899
0.834593814177945,43.0601364040963
0.179870798258701,42.0144159733119
-1.21978790896215,43.4712517253919
-0.155997628010361,43.082724873587
0.0967652566724101,44.2271809036776
0.6140810291414929,45.47770313273249
-0.0329780461813574,45.4594158681794
-0.792561202972966,45.5839046415645
0.385668325154103,44.8353163675512
0.740255106456874,46.52498399083961
0.760542994372315,47.51112928117829
0.3018866086524,46.4695157442232
0.218521554052916,47.29540686330999
-0.6008480861642379,48.4807233427104
-0.537512681617616,48.841988009640104
0.283513469837866,48.770211994066
0.30568736845079997,48.63642173117821
-0.34935291880110303,49.2615205523445
-0.13243095091816098,49.352270583600294
0.354952892363081,50.1000384852423
0.22664497789892002,50.7667358753617
0.103258793322051,51.0897355418112
-0.0738086522604412,51.27403170309339
-0.165454126565767,51.270427684847405
-0.0442392389273274,52.3990065139295
0.463307198710777,52.36982524747479
-0.4925262828223971,52.834969082605
-0.464132982860229,54.066739446261394
0.0339651942426906,53.3742984968008
-0.29039025889442893,54.1433447132671
-0.17958142805873897,54.2915594937328
-0.5619674494489979,55.58697089691049
0.6701992743628521,55.1358129558294
1.24734524288753,56.1370206892548
0.6231154892995671,56.32190497144071
-0.208178327024331,56.3587120730251
0.143180447373005,56.5062948779695
0.480363508091909,57.7130582294452
0.24252249032371498,57.7576257556747
-0.373588376505771,58.2381634774588
-0.262734478762953,58.3431936922344
0.9375181616062241,58.978675905703895
-0.12390329758523802,59.301144174463396
-0.14547180652286198,59.548992212524794
0.0622326699445074,60.4993268598203
0.0422083390278622,61.5553594312064
0.156223636419834,61.05901510677071
0.337572827102167,61.6310004628691
0.678811516138134,61.8554346109656
-0.41800218426857894,61.8005620747596
-0.836640793062152,61.93557674433001
0.060765791646537,62.760763843964206
0.00673431940496392,63.26578825432839
0.265519476116003,63.583290364062
-0.6335158297344179,63.7536192774486
0.413044332785175,64.5496147340145
0.455759714257771,65.7293611575994
0.254125661909516,64.9096159578909
0.20333574280791503,65.129280786895
-0.20049049328237697,66.6910074383881
0.258177223361924,67.21620529349521
-0.513649248363475,66.53753123925489
-0.494713422395627,68.45136373597711
0.6110042330488449,67.9410737117725
0.420100721497969,67.63977785144
0.540899446321362,67.85841043069411
0.45171815622441797,69.5727471034429
0.435271408417316,68.374438640504
-0.34606830731222304,70.2231053432859
-0.267471621537023,70.48272868845581
0.5760428372496861,70.3274558812105
0.43347810048813396,71.28600301606791
0.572998020503695,71.6700358645726
-0.0018281786582599801,72.4502714633744
-0.0982623742731164,71.91338191801779
-0.11039796513055801,71.123468295819
0.236477327857013,72.8361704518823
0.206484528346758,73.6224513760657
-1.3153788102103001,73.4583420127895
-0.575584845378811,74.3181202752583
0.0503375769630023,74.6019659703631
-0.184501512866025,76.2828420705835
0.130644854057629,76.0316686503863
-0.287191764270204,75.241288262814
0.91768020152513,76.01708041509971
-0.529354987676283,76.1315124734604
0.142789329897828,77.0492049816815
-0.311331775652164,77.8073124369377
-0.38935740606031105,77.7548789711202
0.5421502962646529,78.23510450531991
-0.808035648540217,78.2562135737253
-0.0642593282399703,78.43471035967009
0.44959059371612603,79.4106470433177
-0.913383142076782,78.98620793548079
0.9762945571030078,80.37407259546359
-0.437580815112253,80.5218985464849
-0.118299985341659,80.94025431997709
0.822473574330517,81.2043601694806
1.01102292234423,82.2133997336346
-0.825181681845098,82.8095160513609
0.426768246137689,82.508712778419
0.9829608668062719,82.9958638068788
0.0829499080925286,84.1960788647039
0.351061250234382,84.6024874013331
-0.386278607267344,84.7249669346992
-0.637684657120673,84.37001505523129
0.139399890676238,85.3851964696723
0.139913607537636,85.8588374887311
-0.0603608462172631,85.2470668642342
-0.10671869885475199,86.11483674807171
0.506986724070541,87.8577008654628
0.351758997978883,86.61004922859242
0.720620655674461,88.34837148706629
0.389387660079154,88.29395357486099
0.10409394205873,88.7230134003059
-0.22889050924754395,88.60418194314909
-0.45013023941395297,89.3596921968088
-0.6205082181106479,89.184683502554
0.297285369663909,89.9048664596332
-0.235640173973368,90.95552347452801
-0.0928642795792967,91.22200520025031
0.6610463456044781,92.0836731505286
0.201184446554965,92.7555737185203
-0.6229075473294089,92.8983871960272
-1.0569557529909301,92.2669061163918
0.943513172044535,92.1619053365885
0.7060302482245229,92.50816238584079
0.10716267727906699,94.06600570038358
-0.0169872894386789,93.8065688826977
-0.160358556243211,93.2788950302737
0.25648462367969604,94.1993990995994
-0.227725135543254,96.4625313258651
-0.413178474210895,95.8661696247954
0.5564869067407839,95.6391870953323
1.16074113427502,96.12736389204642
0.5605041951271801,96.520499469445
-0.0032245808714696,97.73943883932209
-0.350325575304173,97.29480518356449
-0.0870676703963904,98.6275983648271
0.366768589748113,98.5993351588265
-0.16473408787187302,98.79007246454701
0.29823355841806604,98.88281944186491
-0.13875504022173,99.6515756061862
0.0823089808952073,99.7251297053154
-0.0254124077829733,100.700701531878
-0.30163729765079805,99.3427189388963
0.33563657822403997,99.3572935598348
1.76044984301178,99.77396684971741
1.06716014554309,98.0743568530538
1.20844650071455,98.412186601935
2.5860623012204,98.3313705463921
2.3725698417163996,97.058376768562
2.3737728914515297,96.16438469441842
4.56636351024148,95.98733288794
5.25292719189772,95.0262401132822
5.053010249109111,95.6818235087031
5.06449658667633,95.12325098774191
5.5162302843298106,94.79175732447192
5.726980091686991,93.30846539136921
6.51194818617238,93.9322774307144
6.818196927206629,94.3589075018048
6.5621218257537,92.9416621764585
7.12883559595644,93.01764939648892
7.578378027695451,93.0435827054065
7.807271775415231,91.50123741786409
8.51262505716238,90.82109977386921
9.40462443303867,91.1634936587775
9.20891415592848,91.18661675438909
10.068840021666599,90.0234406023067
10.3453755468663,89.7349549606505
10.7887154602982,89.36079380136309
10.0605535683986,88.86800914923859
10.7357369217679,88.95286734629191
11.288858426243,88.0728912033601
12.8197757557729,88.39691415788471
13.285115187167198,86.6046612671051
13.587754929933698,86.5761823261257
13.668075815657302,86.78718050131751
14.1102353444172,86.403488117181
14.036068630608199,86.12667674141899
13.3009419207372,85.56869430112799
14.789458027321901,85.5243981699625
15.519749630845402,85.1510914682432
14.853210216733999,83.7346357465197
16.0471948101168,82.751292866419
16.981275780561,84.005892378923
17.2058952250596,82.9662960588641
17.3659355407934,82.52153962268491
17.705519355967102,82.37993197939221
18.2972719602679,82.0350172383185
18.4523894025945,81.229676274199
19.349683292808102,81.1171774020941
19.5288823119756,81.2915791818567
20.0654364379782,80.24818334294729
20.316938069166103,80.35626682802291
20.871191662065698,79.74207804418329
20.883283963955602,79.426426558735
21.1538388346254,79.35591735486871
20.719530279636,77.9835118801782
23.336486251845898,77.9615362255706
22.2357688028008,77.5069138820418
22.9069861168989,76.7147994308198
23.5135047009793,76.3406521833828
24.2658080166452,76.142019949611
23.4912964437002,76.7854597219324
24.778907628685,75.97125623780249
25.536772971239,75.4258338733544
25.5306691947258,74.31893216583771
25.572693875602102,74.18426643700191
26.2976963848646,73.7645509507571
26.572986458957896,74.3149905366337
26.600022166671,72.9342603503677
27.904374810798803,72.9003686933035
27.6927698316076,72.7605229727983
28.920745689808896,71.97018379156691
29.4052039542798,71.865339545354
28.9476240668632,71.6553882021242
29.9548301995722,71.5013394506893
29.024679320358,70.20573822919029
29.675314546743603,69.69777479842979
30.692099662907502,68.7715401644675
31.1237022998867,69.5809972503547
31.6569373151637,68.5320544952306
32.7946627425087,68.29680636776321
32.420197030605,68.36607446434239
32.584935490852196,67.4684808571495
32.204524212642305,67.2697813763481
34.2237848794098,66.7184579916315
33.1179128201729,65.5599998597431
33.8993070044694,65.9140643650066
34.977199939143404,65.2051375199743
35.431875001955106,64.622743599922
35.0580913956124,65.1472701056021
36.1409562596497,64.8921845837319
34.8184984516572,63.93664791890121
36.7269323254486,63.1192431699571
36.807508721091104,63.218025203599396
37.422725414164,63.2707049839436
37.903781261164106,61.5992231363047
37.7822427760471,62.199973020151994
38.209732227642604,60.934896543541406
39.880309682017,60.6877549189847
38.9603238461459,60.9414260150539
40.299663252851,60.3419120093869
40.0599823039573,59.006438419895105
40.488696323077995,58.8634940486086
40.730159156833295,58.5751552647569
42.0636745861041,58.9116197203185
41.0605075308089,57.553958925044
42.3183157092845,58.025961206259204
42.438032952079396,57.1131444007385
42.065530139626205,56.825840944153995
43.394600645215505,57.16376222443849
43.2447375070525,55.4856637549644
44.2069026716648,55.72673254188021
44.455435807586696,54.47679705591829
45.1047849631559,56.005139766442795
45.958074347691294,54.2720159010864
46.013262801178705,54.5009588700879
45.8183440977541,52.6916675293326
45.9138177355213,53.6581899694472
48.0268368630527,53.5321878759292
48.268340707959794,52.4238699273641
48.231978231411894,52.0262550453253
47.2703973373195,51.013138588803905
48.0822723340401,51.1683159734105
49.377956092453296,51.8509925807392
49.0012648155738,49.384002799952704
48.8583416337699,49.98025033477101
50.408877020817,49.3304030625062
49.7649567243545,49.267425360408
51.3649802994928,49.349363792733
50.736158030724106,48.5426581547629
51.259854147985706,48.1967579482123
52.323466561477204,48.3417089209667
51.7771512834184,47.1853923204428
53.1792037909676,46.97282761407761
52.52218156832021,46.3502638589614
54.3390426356929,46.3471310166732
54.1070965796739,45.38914960618939
54.92704003011271,45.36370555634
55.2793769582184,44.12418703067161
55.7867500282582,45.3028939539591
55.725458296964206,43.8924525562046
56.7363326072156,43.4730248456625
56.9704159234259,43.27701913585529
56.9976627417237,43.0598094397526
56.995710888955,42.79981648932971
57.9111075182619,42.393379474801996
59.3294210085643,42.219159685181
59.076393137432795,41.0195300818107
58.877627754601896,40.8208567451242
59.18981930321,40.695679107104894
60.035112346056394,40.374818280084206
61.3747204780927,39.9597298834788
61.570106771582005,39.4342881599519
61.12888056020039,39.35775602297829
61.622255812533396,39.2073778050533
61.3534350192589,39.1577930040024
62.5105745190319,37.6918612602924
62.475941506447,36.9971871689416
63.399410962740205,37.63873618637329
63.650129260720504,36.1132504305097
64.2842477368607,36.3422585141239
64.75246659944379,35.3883372145718
64.8231336454393,34.8543876323373
64.7763051357925,35.6365818207026
65.2197830515138,34.4438400963184
66.4179853365257,34.3525238847766
66.1049008556034,33.227522653130805
65.3385179114445,33.1502782258545
67.3246172840979,32.5855182262292
67.07830638103441,32.8392037745861
67.8495066413311,32.3844100667256
68.1762316852588,32.3854383434533
68.78514995555939,30.490758631098398
69.3055588127564,31.2244969339291
69.28354230904321,29.8908348320005
70.9637743850076,29.6615941378511
70.9792975169873,30.1344746349934
70.9438395472509,29.1997508041365
70.0795624178751,28.2412545479095
71.65816508143459,28.097598353078297
71.7064826997837,28.718664523053103
71.31939814589391,27.8711280568712
72.3152180642911,27.709250041954103
72.82536272228741,26.6834028178964
73.72100216815491,26.970017498129
73.71373044193041,26.713593271137
74.2898120049072,25.4104202475045
74.92833288090999,25.000727274992197
75.03612618168671,25.581501729109302
76.1672200661708,24.9628806899208
75.2764870455386,23.6147277053114
76.45824146076329,24.103862657947396
76.4890616676947,23.073929654906603
76.4876032694735,23.8221025155771
77.8484489891648,23.473208722751604
78.4267272955567,22.305716209726
77.95631732012079,21.86239694999
78.885964254925,21.111690417024697
79.9125109712224,20.5456572109822
80.184140810134,20.723023740818
79.02516421128199,20.099201777264
80.38622629008759,20.0902081155877
80.0328250635243,19.7432008085937
81.5192607432365,19.0051741330991
80.8961300742734,18.6430826010454
81.98149551824191,17.8249621129813
82.674351949923,18.2049693516814
83.1883260203263,17.411946148039
83.18697820769201,16.3275408448808
83.84584856744341,16.411147792539403
83.7466022104882,16.4793336091938
84.5635534176933,15.949248889124599
84.968811147295,15.413621383609
85.91259792495329,14.195458901225901
86.2583762626837,14.8202838656639
86.0624852335899,14.459418657021502
85.9907872404023,12.7187483761757
86.38920116461941,13.488059962985401
86.8566019206859,13.3234466093009
87.5355179648318,12.793679764853499
87.59835747545108,13.068868956268402
89.00962521692041,12.692243782207802
88.8560657253191,10.860251413506901
89.7044779820858,10.6324335735315
88.8438159681362,10.2523385914655
89.5716445236207,10.8777640015825
90.114692498403,10.119694444666301
90.7553088524012,8.66792232906977
90.3650974406452,9.62694644949798
91.55792620934922,8.628511475381451
92.03572846231171,8.44333291911471
92.5470262708544,7.905099700639429
91.99412577539009,7.045601262206861
92.27610260263641,6.21842717097543
93.0412774449187,6.93415549833073
94.5396340795107,6.97107795216176
94.2884419704842,5.8672834992086695
95.4527689586178,4.85959466206811
95.29998373645479,4.69853164590635
95.19432329824471,5.28366732544775
95.77984359737009,2.8895281472230296
95.8013758962391,4.146231708175979
96.5560865558192,3.0263770979779907
96.8756913416971,2.43823145920077
97.52363670446431,3.3186737507284905
98.1821510394367,2.5458885669962403
98.29900185222608,1.3978594360718402
98.2757769927672,1.11047100934086
98.61555894599479,0.55503872043547
99.9996992501849,0.612277346092215
100.527172377306,-0.17297565353821803
100.807705744624,1.06296659689968
99.59028750178759,-0.14463096119047
100.058679076628,1.36429307698041
100.710875928701,0.468338999600795
100.717547244194,0.5210659521982729
99.58771453998942,1.7745737723947799
99.248042517507,3.11307236720008
98.87674663253641,2.52867661712267
99.5731280554588,3.77628663214499
99.0746426043221,3.2222095949078398
99.7818167207757,4.70793335762578
99.6174225968866,4.55678125733203
100.419617740012,4.88768081131908
100.034380729644,5.356707206786219
100.39575933548201,5.91326984846796
100.649120848426,6.4601365187730195
99.7326389968362,6.65855322974041
100.126251649238,7.102153523589211
100.593417521801,6.77364176069738
99.3641239483941,7.3404845998938795
100.41061110997101,8.83186455522562
100.386147607647,8.12863139563063
99.4969289488928,7.99077108353284
99.9932377350891,9.7339222072743
100.15710116197701,9.59917946191932
100.560166290273,10.2811148660936
100.050215952035,10.6168487228943
100.037089530772,10.5367619250662
99.82680169041159,11.194834830627402
100.415122259927,12.183328015934599
99.7936549879273,11.665339191238001
100.141616732579,12.431281474161198
99.9896039216285,13.1553467597944
99.7502837030237,13.395063801669
100.460062927516,13.143283400263698
100.262609319191,13.7063859347067
100.630880946047,15.0054675102911
99.47248711256522,15.537623498874199
99.506301122907,15.749022067568701
100.549492379491,15.309035018371699
99.630969374573,16.2469600757973
100.05018254334401,17.0594153935755
100.256879130987,16.7323716074761
100.00682667171301,17.3888236471482
99.6083418925313,18.6742986259667
99.7743306990702,17.8146998340387
99.4607216277546,18.6245322380795
99.91621262008341,19.2965187145027
99.8515592873061,18.8676643307875
101.034301325583,19.5102120311086
99.58910785167481,20.6046398098045
99.60401214093099,19.8819146174658
99.900237103804,20.4762316103788
99.6618893250254,21.467113039565803
99.919685736844,22.6693627594622
100.15070425551501,21.4296776735571
99.07887855291531,22.999961654052896
99.623142591184,22.537787757432298
100.045164528726,23.3864728539005
99.96453066587691,23.5529443842026
99.90304764172,24.203596983364
100.28094134459101,24.673750177263198
99.8721137859045,25.103559891944105
100.45602315153299,25.631271936439198
99.7583086111413,25.7272284589755
100.00504604657,26.226706453638396
100.068807889508,26.6968910238659
99.9506742274613,26.848282216089398
99.44877487091308,27.2216492835135
99.18462900173729,28.493891897063303
99.6926914297501,27.5004307600629
100.781867396669,28.6539167116962
99.62598433780441,28.732960427147002
101.011079740803,28.215101113944502
99.5382669197325,30.309643576408302
100.081936860171,30.153354013582398
99.6550627266875,31.5561713459482
100.8589117759,31.0678466166634
99.93961745295691,30.293796775948895
99.746220111376,31.790839699106897
99.94306679132559,31.4459214831009
101.04626724101101,32.986038372669
99.725635560068,33.1142838150803
100.05016391571999,32.93868279872461
100.154920442767,33.294072618074196
100.05966842115,33.4743367591753
99.90998630742772,34.8134545090034
99.6873419827087,35.114415557838804
99.4837997828985,34.534313243999904
99.87013629953121,36.0256404118674
99.57444821397301,36.0722901853536
100.965910256253,35.9110909705072
100.699868253423,36.1282146044801
99.0944400019101,36.513215310932296
99.78406456119329,37.425522930499895
100.31361987218399,37.9508981786799
99.81897960720741,37.942598354177605
99.74484027280751,39.166202621474596
100.120803385258,38.593724216507795
100.396861872309,38.7776027103107
100.47984957573401,40.028509176314394
99.9862361645978,40.7108127748061
99.6984233907975,40.878994047469504
100.23882927875499,40.85195041692071
99.56356292650179,41.2513819926033
99.9859236837577,42.4870317961385
98.8022415602628,42.6736057165678
99.83615276726309,42.5815740665564
99.7648518789135,44.6128462050916
99.1937798849176,43.467650065795496
99.0921060403119,44.1140612898499
100.283199289469,44.127092166315094
99.9568839656582,44.999035895413705
100.07474934643601,45.2534621173615
100.732007970604,46.065013844702705
100.270690873806,46.493598570097504
99.9768233069323,46.8912973324401
100.596342627538,46.6711192440224
100.297201462006,47.92639778303779
99.895179761108,48.0151992597983
100.368368865021,48.5256640063256
99.51225385075149,48.59723723544379
99.856303871848,48.620571140314
100.067634034097,49.493983470365
100.221122082349,50.057334272361004
100.34763313731199,50.9563690084557
100.236043501123,50.17242126294371
100.17867661234501,50.5150420099233
98.8545994216268,50.974837659556506
99.91632896274879,52.0900165590357
99.7891553421497,52.232773496958295
100.07992354896099,51.94912564222221
99.7889667272224,53.3424450171984
100.147310171316,53.4467589631777
99.86669101015092,52.7740495333405
100.574807785209,53.866595820281894
99.2182473519057,52.8815633390418
99.797106046172,54.1952024573533
100.38805907705799,55.0156729298243
100.309003167138,55.702030828027894
99.7837115204594,56.395799994403
100.189501494161,56.7929247811844
99.83460685703001,57.5639357948631
100.761406239583,57.993964366062094
100.12898836752,57.9541169101906
99.62045260177919,57.967010799581004
100.971224948693,58.36350187604071
100.25745050731199,59.5895512091934
100.498936281474,59.178556104689704
100.05348563866899,59.897549687229606
99.733169760484,60.230886691921604
100.64387745501,60.8567580740425
101.19738100820801,60.668004960996505
100.24394650171499,61.1853390106711
100.65393351315399,61.72279103213679
100.84877629808099,62.461265937175796
99.9051443303737,62.3332547311757
100.488384668659,63.7167538612043
99.43005406641069,63.5637666951241
100.75403799803699,63.762389889934
100.39188404784599,63.562511940085294
100.32952781040599,64.26323408028439
100.112348131468,65.1740862465571
100.369872669181,65.3417895590662
100.182519506762,66.39025231635321
100.099850782456,66.3044435906641
100.62758088567699,66.9254760575909
100.115077873369,66.9175970801835
99.87466281011991,67.5053706547693
99.5954391185197,66.6273999289369
99.6164455914489,68.40652579307921
99.51282614821208,69.19723443763479
99.83652375317551,69.3855745974174
100.745255870555,68.83391600867179
99.65274780152392,68.4940716475785
99.1190654426326,70.978621385327
98.3764511999063,70.0134703342743
100.30700159138901,71.95618489177849
99.14191024765391,71.9860647434865
101.011206656556,72.007920509196
99.730356682452,72.59594220836341
100.272356926124,73.2300837946087
99.8631671086459,73.4478885939997
100.02177690591199,73.2734244917692
100.252020065172,73.91974051862779
99.9222455893567,74.0358170371644
100.42937978529899,74.87203094258791
99.94190281863541,75.7236113005563
99.78004605453769,75.6299808526692
99.0464638992211,76.0216159802805
99.5847599969557,76.8158808394568
99.39805075288359,76.9471150105854
99.76273216923809,76.5512094964493
99.502909775411,77.2798526864658
100.610345802549,77.1967987035038
100.029850659662,77.9690139065406
99.8806517679453,78.9405608737336
100.687105870401,78.7363400416534
100.206331546421,79.81601292833659
99.4387368645865,80.7884822311372
99.4844291190304,79.69079212894741
99.80453578004361,80.64923811730371
99.92670267753151,80.68351050986429
99.5380420478501,81.1866753590534
100.723365843981,81.72799975077
100.490079903244,82.6327594381767
100.72369738309999,82.38473659047291
100.27336890482799,82.99745296435779
99.881616522915,83.52875812193041
99.9302959090733,85.0421420995282
98.96239349851601,85.1359146499245
99.620177296461,84.91158984682299
100.073950185666,84.864500959375
99.51500639789671,85.2167840247118
100.572677245688,85.7137557239447
100.16650243021,86.2118763726831
99.59997464291521,87.16444118652201
100.330210047644,87.30747616326981
99.39406897553671,86.7951168451815
100.322900411314,87.79743362752279
100.110212582491,87.76236897643551
100.242194377966,87.6270662438216
99.73707645525771,88.7747845468883
100.38237342779301,89.75303861519511
100.268685726746,89.31405828925209
99.6291010107235,90.50486981278222
100.82307472875401,90.91662838924842
99.338218958274,92.05491941059941
100.188741029359,91.0900487521079
99.92616250853241,92.5612893114759
100.913929919105,92.78795250529
100.913317107264,93.4124932105413
99.81425389934981,93.3295740028734
100.099152358726,92.73903286425221
99.88419119126971,93.8908273066845
100.230817671654,94.34631851507059
100.645984937719,94.65101723234909
100.284410477099,95.23433697842671
99.33605613916201,96.17056095716171
100.216590878338,95.9356485529958
99.2384823341511,95.65907164365791
99.92385926972901,96.25302008410921
100.46710505166,96.90030553418622
100.100847324008,98.0882005922978
100.343722847782,97.7085431370162
100.05748513704,97.9005584163632
99.8969084263224,99.31106431580571
99.8341129593676,98.56507657783008
99.7788952977787,100.17741305855199
100.451258188712,100.783858620878
100.88455119624099,99.9404960032437
99.72055869066901,99.36994205371651
98.8797634631558,98.43801315519121
98.9021187107827,99.5796521869935
98.79126032456449,98.3184757773156
97.97261576976659,98.1752610172383
97.7915524883856,97.8171072312706
97.1558371379105,97.10412211711521
97.06851321260349,95.3900335500209
96.9392473914814,96.317062471675
96.192392467112,96.8732256788269
95.3646908521742,95.83194044630899
94.99716056441049,94.74583284464279
94.9969645718651,94.8957618491946
93.7954188361886,94.64758260052521
94.1535650933527,93.1994723808277
93.6714619616958,93.77177333375981
93.37724099538009,92.08279619351289
92.45904247122921,92.91506184175041
92.86067647662159,92.1457108823385
91.52175356570672,91.36195939420271
90.8289103679227,91.0808071081085
90.9893957363075,90.6269657557806
90.29903825201299,90.5472271377306
90.29640740043159,90.30684667661079
89.7425944645129,89.6276856435754
89.44667389803091,89.461948878648
90.13086956234909,88.78333992526291
89.0061348485452,88.8048740686487
87.66018827982141,88.1662514317709
88.3289147390373,88.4586861295496
87.009798670201,88.0041928025141
86.4530934222592,88.0625089435676
86.6553190417581,87.0693296171459
86.26437455778151,86.33361779303308
86.31253206953329,86.32051350367979
86.06483956096821,86.03576872298589
84.5533284448889,84.2814856263303
84.5028035311159,84.6150012568889
84.9813849471158,84.71061865137891
83.7941538281558,84.9831736578125
83.90870627467541,83.734651625135
82.89766126302929,82.70410550958108
82.2691877588408,83.1088103719639
81.9306611835727,82.50625937648971
80.5648408617842,81.8198506204275
81.5838277454467,81.9328737978836
81.0769646351507,80.9947821573739
80.9493458347907,80.9836840791036
80.87934260050991,80.18200094775891
78.48906351708571,80.8702217374083
79.10980854291891,79.08171737081351
79.1138439529695,78.9585673344867
78.26576288505359,78.41458598251191
78.350431687631,78.6863355497677
78.11092819036371,78.0451315310668
77.5214912619725,77.2323757642958
77.21317037202809,78.318925403861
75.9577004377367,76.5889338820862
75.9405994253682,76.8443043399474
75.434476938926,75.6968803004474
75.33519812201641,75.931089387846
74.35521105717321,75.1637454804049
75.0707427529442,75.1992069422727
74.337216008148,74.9025239006333
74.306288157993,73.6753772575345
73.42270626844,73.3851106047341
72.7573851140773,73.3348573102781
73.12011387362679,72.071376559721
71.30018524465859,72.5840534125127
71.24620411436271,71.91624548099391
71.6664237942431,70.86620574720371
71.6316618886905,71.70771413728501
70.83050256987559,71.2583564426363
70.6217489910316,70.5843835949982
69.90371729089,69.63804326133861
69.3929808145298,69.518140870978
68.79187374197251,68.56272806753749
69.08684163905811,68.1806494726207
67.85467129986979,68.3128500259641
67.6715384335063,68.6097115069297
67.4533457185829,67.8224860809153
66.49399105518461,66.75066332201641
66.6401619322987,67.0376452518643
66.3311095894329,66.3501666251709
65.3843943422899,65.592744128215
66.4703712423398,66.3097759282041
63.942061753333995,64.7641184946915
65.9039224140803,63.595032847336796
64.1656317683461,64.4064584316984
64.8079326404082,63.3700144559142
63.8907915656738,62.4364079777718
63.259720501533096,63.492525496171
62.530144982909,62.0356579586024
61.952255337564296,62.3290961336041
62.0632825058535,62.1350170524351
61.23193967139971,60.8253188531005
60.9003465528368,60.24868185540111
60.0684440562844,61.313112312969295
60.002729695704005,60.762362596506904
59.34406101858539,59.5528332733176
60.190912122258,59.177405583223
59.5807297553554,59.065437376690504
58.78836076103379,58.4033340565263
58.2101186334542,58.2921287839315
59.1759543660203,58.547034378041495
57.251050947446096,56.7844851192843
57.0504850188204,56.7141234488301
55.709446941851205,56.7390198624798
56.0460567693432,56.210940385764104
56.1805218907164,56.256400143010595
55.860060041340105,56.6551131042775
55.050509607668296,55.3701809022612
55.114173417282,54.9502098414575
53.9395396909628,53.462180451177595
54.0721487675739,53.0344421168049
52.812526278685894,53.130347085831005
52.851554451126006,52.646141052806605
52.1164982082796,53.3833787930044
52.1001950719265,52.7720510880476
51.9134112701419,51.8687176015447
51.34056110644671,51.128883866162504
50.146202689721605,51.231832297021704
50.4342953937467,50.691183632752896
50.0429569684622,50.0569358834519
49.30119524027571,50.963135206801994
50.807886154789706,49.900906262263604
48.543445340435895,50.2584318808208
48.62554324271729,49.0725180186831
48.5959936921926,48.7347221071657
48.348536522969106,47.938751425400895
46.8696471781889,47.5154040027709
47.084927798958596,46.7762698049001
45.8763433687611,46.603468237246105
45.55285097739821,45.7148171915849
45.685765966828,45.4541992391383
45.1733589729586,44.893964563005504
45.0965755510884,44.8504771808219
44.4612736792889,43.9924635150528
43.67551257452539,44.5466610872064
44.031953340276296,43.6567291165382
43.107556098083,42.8612031445082
44.1221501048016,43.10767542554979
43.3432809799365,42.7949752005313
41.7538388517384,41.9283871879203
41.1287944371109,41.9632962333464
41.373159696741794,41.129924557517
40.9456139523308,40.8348519720301
40.00011273015021,40.037608380857
39.81250901644629,41.1162802839203
38.6987794313101,39.81548955042871
38.9555639284829,38.8738821613364
37.8893474627785,38.1513172176575
38.8677613578129,38.2204883371727
38.163393636612895,38.5242330970825
38.019666355914204,38.829606968906795
37.69006482723739,36.962193454923394
37.0692540141836,37.09439104892571
36.498876492614706,36.3177404909978
36.265113806949294,36.050383179365
35.4484434580021,35.8008127016962
35.287796612871205,35.2993221019469
34.6805482819942,35.1643480446617
34.223968158306796,34.639460878173296
34.1081775658829,34.7849654355536
33.4044996881127,33.2495951467662
33.5101675484664,33.6359996112688
33.4740286341467,32.7002655310667
32.6772656310575,32.379240080181
32.0213307024146,32.1348134928264
32.445317624969,31.215133094481303
30.8443995404842,31.339892634338003
30.9662271828129,30.2436105600124
31.2486412778719,31.62991840241
30.394955568925198,30.6233393008725
29.387614044826798,29.9990970517248
28.62505900145,29.884209604787998
28.685913088622303,30.0393752179284
28.2385279058622,28.1562537487925
28.0254032104267,28.595450701175398
28.351606649310302,27.029073900553797
28.3419329689044,27.1760642280167
28.046403480075,27.619058385317
26.7155362751013,26.4894442485718
26.289830425639895,25.401704990964102
25.6390194505068,25.386947851958798
25.2354930203016,24.8476595056115
24.8390078722192,25.4842231383242
24.648402592806303,23.9321915853057
24.2145786409754,23.603624614824902
23.6217734813595,23.4297022412294
23.2143886205692,22.6516493501488
22.9265865534123,22.5623451891128
22.8557935647255,21.9084258646625
22.6596873286375,21.9142826688523
21.7909159046226,21.4897913698803
21.294424979325303,21.682484282260198
20.4275191260307,21.561930407793604
21.1415866621053,20.2002430343132
19.7541652290085,20.007222110009398
19.3548710980897,19.9090773901195
19.7366858536956,19.5137891121659
17.6527246190235,19.3454119158618
18.6645068504635,17.8783951811833
18.374582547274002,18.366271188180498
18.5126373305393,17.5415158526773
16.6078487038156,16.384375841876
16.110915822354,16.6660231069812
15.904325199812801,17.1076101496945
16.763177577265,15.8255564232811
14.932772114591401,16.1052364742638
15.5647573790236,14.5081752726865
14.638248528283201,14.477815736322501
15.2376198323035,14.521357053743902
14.643725346770502,14.365314819363599
13.2609440851597,13.608423627093899
13.835875857472802,13.3744003795651
13.184962471245802,13.0512223640795
12.5564227505634,12.230784902396
12.691700926844401,12.3519852379548
12.1956369546454,11.302154611498802
11.021865993090598,9.95934815332551
11.283964475143001,11.1221434849371
11.059844006282802,10.7190351714176
9.87948416181398,9.72117661799681
10.378611690665,9.78238972624333
8.46029169789356,8.18243904806293
8.68406041785853,8.34908107011294
8.451247825305071,8.64761218383494
7.63941386002722,8.20311748343954
6.885360521121401,7.47037123092453
7.50543331799059,7.385428125594459
6.77815715859936,6.793081239104401
5.97883192690027,6.17615406068844
5.8085932842898,5.03489830877766
5.98575284072974,6.1752583082635795
5.50891438698253,5.665162365391259
5.2490636074031505,4.767922109624889
3.43636230153304,3.9326336949274303
4.34980245004533,3.88176389731368
2.97084399465666,3.64379055115718
3.3079022085628997,2.7744812554412
2.6690349765611097,2.49226440341295
2.2063434812294997,2.57964495914421
2.10502179495551,2.51153782810125
0.603131103615043,2.5946857147821403
1.0225098086222,1.3411108905512201
1.14616487950138,0.469797529067341
0.0410354895676196,0.7320144783320601
0.9678024201958829,0.016824477540804
100.620669595203,-0.922961516614047
99.90825892226351,-0.42584822899174196
98.16000103045,-0.407516078201823
98.07440364074591,0.497366045296009
98.54675617844441,-0.401625270663258
97.18617482777609,0.0237836658302605
97.23007536380699,0.6014175044599771
97.4978377203833,0.791208283710214
97.1251365036334,-0.306702114195383
96.7233463903648,-0.28933220172483
96.6308593345175,-0.23260945450521398
95.29584657816721,-0.19821012005893499
94.5018427936738,0.8761440780662351
94.4950729839231,0.351679430943048
94.7033725029006,-0.528085970497486
94.29675551389109,0.19908705372038601
93.17665850275249,0.815291291396646
93.2948048034298,-0.695435987824174
91.92512870664459,-0.37561238783931605
92.5644497816602,-0.331091525262786
91.78641178271471,-0.37907065171506604
91.568190577664,-0.5255197062333521
91.0706858294985,-0.0493853672497639
90.83850816316411,0.557037145421374
89.80113131793249,0.252929613054198
90.4482302764517,0.35699058924720206
89.07483066644909,-0.533355199184038
89.04841358963009,-0.0472760125288364
88.67284573086269,0.64400516217212
88.1763004129894,0.129066555484038
87.5195566851796,-0.0744224366192887
88.0343637500262,0.692537882043794
87.48146873323091,0.589805115677163
86.9003452755759,0.202152395278166
86.06991317982641,0.20528882837162196
85.5239482993104,-0.342395456462835
85.96234970174471,0.18864835430628896
84.48604075473209,-0.68857699987986
85.2381317122859,-1.04126618334527
83.8846195952828,-0.3777528103993879
84.2819505350794,0.387269919982538
84.59471914907441,-1.15796377933445
82.7629786198064,0.24519348824209697
83.39386411422159,-0.16102635643488197
82.6727064609061,0.0615624456279104
81.2134908928693,-0.5899542407343821
81.7786827599995,-0.481710766386664
81.2744391018456,0.5161267661438921
81.0046183618211,0.0517369232743899
81.0858268968971,-1.1267919960406498
80.1404672529623,-0.4192238886821789
79.1166614096664,-0.390617460673498
78.9374827480938,-0.528617132757205
78.94584690181941,-0.21082827822792702
78.25600566149541,0.36259062272417797
78.87878338525199,0.41475449489463595
76.98242442278959,-0.330526162818214
77.2926967008068,0.50873650612714
77.2787837751849,0.7114345269091981
76.1393162915143,0.150639956287486
75.98013726384391,0.30253787051325
74.30671952139829,0.416627541575832
74.79882744134609,-0.0477390864119701
74.8481374413625,0.215716893075728
74.35084510718559,-0.7131338074404879
73.79853386908479,-0.489078986375466
74.8038856798409,1.04469677364715
73.5442174250232,0.196743518965015
72.3537442721379,-0.256909872305157
71.8818510505347,0.0874707935219652
70.2066135430796,-0.7321685712253749
70.9964128842805,0.11740187377998701
71.8928543479289,-0.198744099521004
70.8007363274018,0.568332681210236
70.3124237125538,-0.868560322811313
69.6989879438208,-0.32406242326664697
69.2680763153285,0.26579698879255603
69.4747903188607,-0.0446037047136089
68.8875572237226,-0.007594253079986421
68.6372711701597,-0.0702529801639714
67.6547371630785,-0.9347027475716201
67.6427402959987,-0.5468435262561749
67.0557864083275,0.412341502041289
66.3809657878014,0.429191415071056
67.0772620681398,-0.17902079078472802
66.3457285846207,0.801174341150104
65.4454792345557,-0.75828831304284
65.3331178141928,0.0015075609210789698
64.024747940789,-0.0721956023951584
64.270371068353,0.0603953697070588
63.282742931255505,-0.502338392190264
63.68857949224871,0.088651429463826
63.3944433447799,1.0881159965065998
62.69582955665871,0.78747177032307
62.2861900703242,-0.675865419916922
62.416492011842394,-0.229695199981698
61.1234910793118,-0.10047364964442501
61.3520707744235,0.660604232380421
59.8522224573454,0.507229842796194
60.6139396174705,-0.334609662434829
59.8764446677065,0.0591743815450211
58.5422664959132,-0.162404451399139
59.2816799085619,-0.378769826881331
58.8181435249041,-0.803102413089524
58.9799708889829,0.688598502557668
58.0427027940691,-0.821749477951386
55.662318377543,0.132602748952096
56.85079379297629,0.166068332917399
56.690814944289706,0.23786755570139
56.200674829788895,0.24339203363366899
55.7391846266187,-0.138135579903884
55.85481728747539,-0.300710025852852
55.60270546070371,-0.10853643692572901
54.8622823988169,-0.10218696826639999
54.357311276359795,0.868461277836598
53.9086875148287,-0.0277144910178668
52.394887731891096,-0.22006211590068303
53.41637222312411,0.0201083492824298
51.983047795400296,-0.14295247876324402
51.9131409926999,0.16909797702410198
51.4962257504369,0.408506995894562
50.76489669216289,0.292994218692409
50.558527405794294,0.274905125028488
51.000517678060504,-0.5584998688222261
50.0975591558866,0.139760636476457
49.65679650684339,0.0902960570687162
49.1552902270677,-1.29328548757718
48.682782261579504,-0.197907410211352
48.720111107478296,-0.0646308196310461
48.436216329099,-1.08619326267977
47.8035270542023,-0.0815054690120493
46.7650149407092,-0.0145650384894294
46.77860839153979,0.2685093018409
46.429142655475204,0.25800445379613696
46.60711117945561,0.549993000064533
45.06258067601539,-0.443964079490848
46.23168855500629,0.5181575221724989
45.9149651674796,0.326100893651058
43.715211477744205,0.45726513374167604
44.415001046886104,0.6828104809472281
43.0661991105441,0.0421797754679011
43.8074413242609,0.0328006939424684
42.514499116174505,-0.269524854685195
42.4497899467293,-0.5754811885578729
41.9269835463216,-0.0292231513073673
42.285138090545104,-0.425605624766052
42.0989704267335,-0.8393787221372571
40.2474799608405,0.145654891067314
41.3991515588599,-0.47083733714530496
40.4440525519077,-0.158505750972013
39.872423103706296,-1.0976640536473
40.13541293626071,0.41821687070314706
39.633564168334104,-0.124939518391086
39.23225332689,-0.487281125489633
38.2452843515682,-0.727766526162211
38.157483571468795,-0.851817309972237
37.5556036123575,0.667891308833192
36.370894244775,-0.472902902577079
37.224764960855204,0.45822326946884995
36.233832368182,-0.607973884533062
35.9350475001516,0.1832159827692
35.022853981028106,-0.489180001129627
34.9889673492343,0.0688262841605209
34.54375088732,-0.680337289278098
34.265274671680395,-0.127594267084405
32.810698170496,-0.630523193795788
32.9875665557372,0.0275761538799099
31.7022630733034,0.232281188868434
31.6104416801537,-0.0954040423554583
32.3148538637678,-0.285604891560432
31.842727296222503,0.36006859157017296
31.7328088591044,-0.876324679058095
31.2286085360239,0.953975600237817
31.085330927285,0.0893304016153305
29.564523427238,0.0292218434161603
29.105794468225604,-0.254752507150383
29.097735739067897,-0.452135551853101
29.499778137790603,1.14410517744746
28.036039499801802,-0.293818636028286
28.112336965131302,-0.605688187793345
27.835292052006302,-0.18424400115345899
27.8650218686189,0.594738222633654
26.773676296729104,-0.338968998572703
26.088159327683,0.38210457890013794
26.3109591088623,0.7275818807352741
26.1472085349749,1.18109154737122
25.1967655368007,0.679371868197394
25.5473319758505,1.01801976034341
24.494774292790105,-0.239094771603325
24.7935999942381,-0.41328863700682
24.405345563393897,0.52415467195526
24.0365303482928,0.132234640334746
22.963566479658898,-0.22975714004714898
21.826144047858897,-0.16376872359724498
21.610436102083302,-0.18513602388794298
21.0264056755113,0.8429894258345659
21.347346489537102,-0.195519965178068
20.5064282522453,-0.117693918130842
21.1658502991497,0.205740008950531
20.2126125066366,-0.6795560892776519
18.7811134905078,0.038192646598006
18.7619129227457,0.340043045099158
19.1288938859151,-0.00841215539897702
18.2719181801641,0.0442932025434192
18.108123822279197,0.204771706264837
17.339735630646697,0.7123487968394008
17.1512721666737,-0.0993060822057579
16.3966362802317,0.0112594647803495
15.636156127451502,-0.17649943711877897
15.834459326965801,0.552116225043386
15.0444489915879,0.0720163333276822
15.2756164358282,0.9403787410250171
16.1114071626879,0.20455750205808398
15.1313154022838,0.31295246909967306
14.370412030063699,-0.186479624658864
13.9086130135715,-0.968088472688316
12.907492386738,-0.293531806971715
12.370773667539899,0.31640777967497696
12.170709897095803,-0.28566784362587394
12.0709680639475,-0.694089614429629
11.6481108299187,-0.294650450739254
11.144309545655,-0.0229197433147256
10.6428314150155,-0.0252432015657082
9.49208088354992,-0.20722347196927202
9.74503306512277,-0.512352162534316
8.65277874938998,0.1217956962077
8.85424260948749,0.17440619030524002
9.03567931783428,-0.6679159141788039
8.43727528940445,-0.47647970154995295
8.36299374259712,-0.21355602968004397
7.4215493404318,-0.346716593087722
6.75866905586705,1.14344413852541
7.50079956053562,0.273336800304373
6.58873938669893,0.63155621277996
5.77175744824834,0.32396232783990003
6.554855894231,0.163810527781361
4.45031090076827,-0.0760251673034072
5.19173873030969,0.738083736167731
3.8531420509871697,0.511446115638185
3.7899200364331502,0.0930496610303581
4.14531748295041,0.681161483566788
3.5074527463562597,0.282495497021904
1.6261976411098302,-0.18855624762525
2.62504034607201,0.19756374008279504
2.2709219585478704,0.9479076322209791
1.99330160584385,0.54185618967463
1.06502845578295,-0.188185691605249
1.25550875063731,-0.23787373711905901
-0.48678737063516403,0.16571593554500103
-0.35537300090719603,-0.9441293027964449
100.63788334020501,100.66807395876499
99.06528854525111,100.128710424959
99.4426692245933,100.681358255525
99.0710531453717,100.14232648144001
99.12011422578631,99.906358856017
97.7091047478774,100.61186236613199
96.7410402113938,100.173620224452
97.6265176810742,100.06746947704
97.0954331853857,99.6795125310104
96.0131354276235,100.21787589168501
95.5613174030647,100.238000593677
95.54000259355641,100.674423621155
95.3645815495084,100.541841980165
94.4621139041934,99.96945189700399
94.1518119124916,99.8897621135227
92.85884141415609,100.60980641783199
94.3024617117964,98.8913205867915
93.1278618448025,99.8060372804076
93.9137305988645,100.603004296323
92.9654133501424,100.346480508244
92.50662373121891,99.0330562660814
91.6536387356937,99.6120755638269
90.82062758776449,99.7522473368307
90.82383980729341,100.405252419736
90.07009118580571,99.8504651579595
90.06375805739842,100.132867688007
89.87287080345301,99.8449313498437
89.22396744457991,99.1332104947515
87.86942515424221,100.55977543759899
88.60793743992978,99.7222021812009
88.5416184555201,99.7798152477396
88.10088582397671,98.6557380185278
87.5987716243495,100.113426518955
87.800896016491,100.32070360531999
87.12222257672491,99.7435675352919
85.5746589376995,101.03931146298001
85.959558155077,99.2874709546854
85.4620809655037,99.6481318903961
84.67361812375009,100.213903972116
84.5798660018964,100.259124584703
84.040092020082,99.54965609447859
83.65681292392341,100.386941764352
82.7731032430446,100.30564962427201
83.1432764763469,100.731967956094
83.20772291311249,100.086817898136
81.6395297111618,100.59409092430201
81.1494718196587,100.77113696725
81.6938713835831,100.311129515561
81.0745017939978,100.516481927241
79.8221339725665,99.23475863141209
79.8184722390077,99.7188037780372
79.57922881013829,99.60061270575349
79.6375679934914,99.4473633156818
79.2324046175248,100.741364850569
79.2999097835566,100.835872939232
78.4074122880451,100.29922596047899
78.23041993864351,100.06500879353001
76.6830261825132,100.548837414774
76.44236693195501,100.11870069354
75.618339171989,100.169618337882
75.80285104418671,99.85827211892
74.8379117239517,99.8847961643019
75.0643872786769,99.6406268211643
74.8680678583015,100.39007661003201
74.02764429772341,99.91067251655241
74.2280351896205,99.44800683397841
73.30087937842659,99.11128713810871
73.3852739511775,101.048466358495
72.8057134057057,99.58184924724941
72.1585729910983,99.93532692549401
72.1275449351785,99.86227789033279
71.3145312377317,100.051280372945
71.6999795205764,100.045932697691
71.1148362023262,100.38467523227101
70.4818826387746,98.96323150945271
69.5238960292636,100.300510898045
69.9748361219568,100.214122616304
69.1511000037851,100.17453449124399
69.03416762912751,99.1881136523784
68.4647594780168,100.119516801284
68.2118719025358,100.20301076705299
67.856290797304,100.57235207970301
67.3552961200223,99.298129390956
66.8785893954275,99.92012581388978
66.4921525947752,100.171568117764
66.26860602953771,101.19386849222299
65.753303228501,101.163710481064
64.995713961682,99.61012682668449
64.57310934669479,100.147140924952
63.336127520074704,100.593824793043
63.8703510358119,100.892143210038
63.7296289157974,100.30166745396099
63.6667352230941,100.7076087543
63.0884201276859,99.61467223563379
61.82144599594971,99.87310265066989
62.53615634360379,100.086110680618
61.7650848797058,99.8762820899288
59.6661151812611,99.6248457926463
60.3534421995671,100.68889281024599
60.282881566613206,99.12258997395399
59.9630423346213,99.46765170700951
59.4009427222902,100.148527975397
59.8742031149407,99.43389007542059
58.180286022031794,99.98585640546129
58.69429555965671,100.081308665908
57.993459381483405,99.96255880461081
57.441227146274606,100.55109460208901
56.60134850380901,99.6236653232611
56.932951989605506,99.7953613045262
55.8307954917312,100.78204427621999
55.54653850445029,100.01250877424101
55.6156127637747,99.6940160609308
55.9659475360906,99.8902244139687
54.3844017816923,99.886025603214
54.7130573691053,99.92564873311122
53.8963180695508,99.32110994836609
52.9807138014586,100.099587657671
52.846236929949,100.008670087111
51.9417046910654,99.9208823953894
51.996870217125505,100.331244608783
52.1216397980534,99.8352781620974
51.3249559274671,100.221247684771
51.4607011624714,100.505382149914
49.9211156779078,100.57820152830901
50.48222237832089,99.4342433044993
50.773976247945605,99.81027217241021
48.594486022888795,100.451185460998
49.6039829765386,99.99930361223521
48.4344166223552,100.14958606991699
48.402976753290396,100.485050585055
47.492125445226094,100.16543342355999
47.2665767924238,99.26465879159159
46.8523199132295,100.37164790813699
47.04375979458629,99.2420896871599
48.01648265371329,99.8365580428479
46.0954915484305,100.566728032166
45.61114186025971,100.89336323423599
44.8719161609408,99.65784118218191
44.4680602486301,100.27442121021099
43.999028641718205,100.440152907396
43.320009541689394,99.69535060256528
43.5277534453084,99.0891177327549
42.477618080821294,99.8414055544609
42.6432025618612,100.186670155863
42.3589095696722,100.234446826902
42.525720700052794,100.156788007029
41.4411812045131,100.658400651439
40.9289799837137,100.17178350977501
40.7371153100599,99.9214720957259
40.298033943834604,100.316055896656
39.3018689834149,100.087114899342
38.3641749523911,98.5509795411632
38.836536386602,100.67344762977699
38.4785312645314,100.08944552062201
38.3646858119816,99.70561445881219
37.5364490802814,100.183982548541
37.497811481772295,100.01576195130501
37.9361497859916,99.9958203828446
36.017764820645205,100.922351520844
35.282663465295,100.31225712909401
34.6830026997204,99.66086488571959
34.5867704538543,98.95977894360941
34.1455952276936,100.26042151488501
35.1624435396968,100.301501643767
33.6550350346658,99.47300577438759
34.0807140042071,100.31821061690701
33.3284904417664,99.9093376895833
32.6537527859079,100.694099502855
32.300387086482,99.8782329435822
32.0351666003843,100.624337155623
32.3670694894651,99.5688590887073
31.768461792043098,100.201823489438
31.547058393688197,99.837424757873
30.748691282143604,99.48460701439942
29.936325624498302,99.82427939781891
30.412572495995,99.9558295676561
28.9018003727542,99.42490461175699
29.456789138253605,99.85956500911502
27.944882580049896,99.5566005405641
28.7842351086631,100.171974231621
27.416531694969603,101.122843355007
27.448174251742802,100.574350252437
26.626801158640898,99.7859847806084
26.6652777099167,99.64124082386971
25.870329907464498,100.13699211487
24.7630837894386,100.684092339628
25.078546721164603,99.8550683698408
24.6767853107764,100.029364049138
24.911590994133395,100.297774781534
25.116182959986702,100.57572600576
24.389805612702897,100.171786927421
23.284610106369602,99.4531532501534
22.521467237322398,100.41639769054001
22.802356810668602,100.603434651866
22.0415353209417,98.7796484471397
21.1708960904915,99.2620380094046
20.891322838050197,101.281736007517
20.959973728935896,100.19410174260099
20.554379372939202,100.6258612319
19.7880783868859,101.24914711331101
20.8040886644694,100.26369730919001
18.5586888145347,100.508153293551
19.140632629530803,100.22810781875098
19.471860346673104,100.599238781556
18.4001963885969,99.75338750876591
17.6444129075003,100.55447547328001
16.9871617571386,99.5717973446368
17.181294676104,99.63410545986471
16.656275942685,99.8999979276147
16.521604094168197,99.7017619191835
15.430393129951401,100.123734417532
15.3903111553805,100.34107407386601
15.3887510048929,99.8731581720446
14.1642954611559,100.299062433472
14.375494266835698,99.8812540191297
14.437598991684899,100.26002347544599
13.940522755948999,99.45598036126921
13.1561609369119,99.79977735874
12.0117953198895,99.3926289030394
11.971945118777402,100.125577501791
11.2655826143007,100.539488150093
11.410792776576901,100.146065298878
10.415223318299802,100.372923257708
10.6825878046896,100.19861198813601
10.2937331887598,100.656061569616
9.48509150399097,100.01234309385299
9.16500521509149,100.026228726584
8.945618581950999,100.224257131222
8.808021979290551,99.9085723186685
8.357588622163169,99.8567316684091
7.40362697960802,99.8120660080668
7.8449071339389596,100.877405963676
6.82873017636552,99.49779019500191
6.65177343956745,100.126367378911
6.300808412588039,99.8790213149845
5.95672934443197,99.94038593316691
5.72520015182317,99.61394076944559
4.858268948615629,100.026140752309
3.2726510377681697,99.0277114045084
3.96306471074175,100.21556529228
4.09330979025648,100.36595955888001
3.1783812690692206,99.4245377188296
3.32406784698116,99.8533481232851
1.4397342899630299,100.410939896427
2.24305859343884,99.6393877957115
1.47231319008854,99.8632081884037
1.31717248095634,99.6215865266762
1.4257857796299898,100.259127841491
0.34025327883771,100.16300505813801
-0.793366957318116,99.67258940327079
