-0.1215349877058917,-0.2287633666205917
-0.22093686907678226,-0.2525108818583161
0.12590369736426263,-0.27314321222646865
-0.16453687960508664,-0.22224403324810751
-0.18082392002423528,-0.21107455066409284
-0.031929591523585904,-0.2568587219839802
-0.026347362550777936,-0.26967662928236
-0.07528464842988634,-0.24028397089430076
-0.14064572629348346,-0.1906713566321081
-0.0578354622854663,-0.2326733245450745
-0.025068220978241268,-0.2758581937281868
-0.10660503921069064,-0.2176008385424631
0.011945710331580985,-0.27670260402917446
-0.06242852112606553,-0.2573068525895581
-0.0629300141059463,-0.22146387520317798
-0.18371835977791934,-0.2564243570463907
-0.0761530827361447,-0.2465122953605053
0.03222447571045445,-0.2840646524960686
-0.10483531680000732,-0.2287863034389568
-0.18993494122912058,-0.2505523823185104
-0.08060931912654724,-0.24401963070901106
-0.29724531322135433,-0.2954291611314105
-0.05122604175087112,-0.24785766295555214
-0.002241228480397789,-0.2668162353698461
0.06149760312347674,-0.29178485688130723
-0.20684540745368152,-0.2502203577133251
-0.07566995655843996,-0.21768542614777456
0.09938722012884336,-0.2865050361387158
-0.023921818166100613,-0.2561700863676956
-0.03063300593219805,-0.24263189505239746
-0.09092947145336114,-0.2248697410067049
0.0018520489702253395,-0.2880912530179906
-0.1296258470712638,-0.2074769309164986
-0.042127403997208705,-0.2320572213154603
-0.10003345539330884,-0.22973392133491705
-0.07574144052799046,-0.23089982097607045
-0.1762240895550639,-0.2266527498612873
-0.2105345165202443,-0.24741133214005484
-0.0663952245129722,-0.23299433050736165
-0.042733290077106995,-0.2387717906618213
-0.07977470968758253,-0.20017979727369062
-0.1856935940024651,-0.2213442682388327
-0.2444334752489897,-0.25298027374314197
-0.06704787520681774,-0.2228883769015096
-0.19047699251319142,-0.22938314871824986
-0.11353986950428882,-0.21251335435912275
0.011426891433143016,-0.29043022300998744
-0.27927826183022497,-0.2775229541416128
-0.14799268259078255,-0.2358618381617564
-0.11438767783872603,-0.22022888333553106
-0.19846660098576732,-0.2447413482091874
-0.09271108789967601,-0.22489187810333153
-0.14200334986862068,-0.20137607510569736
-0.2126132103294519,-0.23088617479224996
-0.0073031736746612935,-0.2737229719195624
-0.060599964855878714,-0.235752845074365
-0.0367356316428001,-0.27092572921133534
-0.19491441947493315,-0.25360989534167594
-0.05268480393008045,-0.2626067712744848
-0.14277583112164288,-0.20821670538782552
-0.06635479264786688,-0.23811214199399544
-0.14170447333696481,-0.20972656912426424
-0.21960131121629153,-0.26712333011006256
-0.1268152486116465,-0.2183426463235451
-0.1405126992585105,-0.21226802938786757
-0.059463828418618185,-0.25102405140616824
-0.14580833599396079,-0.2273170412597018
-0.19993770515244305,-0.24912261810608274
-0.0678824987733379,-0.23615168802420666
-0.07352439115436411,-0.22850539942287426
-0.14529768662394163,-0.1889141130625657
0.029621522038740244,-0.27424741968531047
-0.225435043041098,-0.24574085273012394
0.04011235385391276,-0.27488927358402965
-0.2372577352136741,-0.256209720323
-0.18774312521366662,-0.21043607109866685
0.02091860444098409,-0.3011526345758574
-0.04146921319211193,-0.2450792033961705
-0.1562043861680043,-0.20748687644520294
-0.027797755117044652,-0.23184376430963066
-0.16050120297240664,-0.21734845205291245
-0.12673990402668162,-0.20671908372175718
-0.04592456895735623,-0.235092405561016
0.010882442330836876,-0.2709320163679013
-0.06873962456193092,-0.26394804609267936
-0.19101983760294433,-0.22474171584024866
-0.1581053466073296,-0.22095643688811692
-0.19161561695741375,-0.2665876467650605
-0.16238387567391518,-0.2278517586607913
-0.0597815242944417,-0.24053044855071545
-0.09336959361872425,-0.22536097900067764
-0.05555860446508662,-0.2571812164849627
-0.042236655625087334,-0.27913320564218236
-0.037656752256415765,-0.2791617501376548
-0.09849241106143808,-0.20992937333573916
-0.10520563825930988,-0.2326313498783356
-0.1413154069236343,-0.18645704285030024
-0.05240953690176273,-0.23364983026959024
-0.02057952044682032,-0.27491659655166956
-0.03347468277138944,-0.27180917951573097
-0.2351180344151732,-0.2575109470238593
-0.0546698158746377,-0.24537769371046075
0.011903643822094329,-0.2934392258219167
-0.14371351355986423,-0.1964630608623619
-0.20910730955320064,-0.25882698510128144
-0.15932399997304802,-0.23109374159472645
-0.03245321028961251,-0.2587432852304728
-0.17785497188250285,-0.19061171083292866
-0.07319860209868306,-0.22607641584868965
-0.05746176197076359,-0.2475564284213059
-0.07039050591952509,-0.2262778810162396
-0.18997409862621087,-0.2579262946461289
-0.12874302847836444,-0.2050086026086797
-0.12381885592856913,-0.21857381258483655
-0.19729985827551386,-0.20990517839207132
-0.12967740902253494,-0.2103580076120264
-0.03384260789105814,-0.25518748810915626
-0.26233833380601757,-0.2758406961596953
-0.20889394499173328,-0.2756449125740888
-0.1690989938885945,-0.21544026168716096
0.026021491404006114,-0.30233595736660457
-0.20379903534885296,-0.2116425281882944
0.0024291755968181843,-0.2896309430301047
0.10464434549675461,-0.2784424763546208
-0.09896191955709613,-0.21097315460998628
-0.26872810680821774,-0.2696853022103059
-0.32766723767668293,-0.33447394574028383
-0.14937448690014407,-0.20427211546893187
-0.212795027260745,-0.24863842021584326
0.02501933107286053,-0.3021301767552046
-0.017187022073820835,-0.27877148994148326
-0.017966852308472194,-0.2560722787623259
-0.00570261705889316,-0.2916288996239178
-0.11464532050995357,-0.19807983855647507
-0.06648830905498306,-0.2298401910937033
-0.05869058212620259,-0.23910721260962356
-0.12872781876836464,-0.17998737991295258
-0.12382486977218607,-0.20710451960525278
-0.0535516569623374,-0.2518832162230309
-0.08552848854880735,-0.20898326191769392
-0.11004287979316474,-0.2360031446243549
-0.07056123727110887,-0.22828962509034104
-0.06546619918997015,-0.24569427351264655
0.013462006122132386,-0.26061875005564433
-0.12222052641815552,-0.22309672416113785
-0.23307664438343514,-0.2546770198338461
-0.244435469182377,-0.26322123134546765
-0.08361120844800411,-0.21097909322485223
-0.10625049470600335,-0.22009417430135406
-0.17726085455618493,-0.21032400031478457
-0.10186890611342796,-0.23566520794563606
-0.07033567812330628,-0.2529385613021164
-0.29908938273798247,-0.31634291845567847
0.06497969836976257,-0.3077048040812678
-0.16230076600513216,-0.21593341021077864
-0.29657549054273924,-0.27563770029695794
-0.300432400184223,-0.31763614053094236
-0.10092448831072555,-0.18263716507980546
-0.08290773420874532,-0.22080067264302256
-0.1501876893656529,-0.21006160317843087
-0.23838755048654445,-0.27841926243247583
-0.021321344843852445,-0.28431756693206894
0.02344927408861683,-0.27549116776313287
-0.035174208868357044,-0.2478708554724282
-0.2626401951235092,-0.27998520363484025
-0.1487353343146167,-0.2270567090789483
-0.051233983539973695,-0.2139140457041104
-0.043680867884272896,-0.25917138231239667
-0.15446692158134626,-0.2311908801971426
-0.05196592208974846,-0.23925049949345426
-0.016880242219837138,-0.2655286896276317
-0.05187936891318737,-0.2369089990036012
-0.2821004987125465,-0.27416584799063315
-0.1219619119489477,-0.22561839472451384
-0.13211173673647594,-0.21503046100631293
-0.08539363899863721,-0.2303550705756234
0.030527738582768638,-0.28377982455203177
0.05456269093358008,-0.3010274786462269
-0.10254987436611865,-0.23845167385296545
-0.1196352292997869,-0.1888951876604976
-0.07096971404404742,-0.2316310126166645
-0.23402637810058946,-0.27885206339410107
-0.14011539079820354,-0.18602803764898787
-0.10312767007930104,-0.228248556981081
-0.1251872200888069,-0.2018111217448843
0.05068031828692488,-0.2955715419536521
-0.15292074627196478,-0.21429250552855644
-0.14695742681022275,-0.2127977915034153
0.040553976605982714,-0.3223453871741116
-0.23811909203193574,-0.2535111277318056
-0.15298959181690247,-0.23173081921784874
-0.14771465399669265,-0.2115616991418503
-0.08787927529823114,-0.22027198366138398
-0.10034817612870947,-0.2364525648639092
-0.1611298778402767,-0.23062736684822804
-0.1955170585486939,-0.19631191682783336
0.0040007434207338655,-0.2713254994528646
-0.06622890480425493,-0.23585993779714104
-0.07801025918777141,-0.22658316935651854
-0.1263951970874103,-0.19864296895985603
-0.15986503128233098,-0.22477514243069588
-0.02553059259174259,-0.26183251939133245
-0.17558875058105478,-0.2294001026944436
-0.20026658404277722,-0.2253026708792486
-0.0020232179369777947,-0.2992981203483271
-0.011602542698131546,-0.2775721045911453
-0.06492316615323401,-0.2352146121605748
-0.009439261214067489,-0.3044771017656685
-0.1986480586428971,-0.26255572903990854
-0.04891905334196215,-0.23974557306540145
-0.022731000316074584,-0.24678724684674055
-0.03420934956755012,-0.27426649414359133
-0.19356647038810523,-0.2347720084158832
-0.11070825677129091,-0.20632429383798387
-0.1984277558052787,-0.22740144040939975
-0.17056282641642617,-0.2272390295091705
-0.23720354450889,-0.25135678780696785
-0.055291616918264536,-0.2476885980603002
-0.17298358772104092,-0.2321432806688249
-0.1632349977186566,-0.263037730158986
-0.27753337718555526,-0.27877432408861214
-0.16426298081089968,-0.22932195130496094
0.10884044367802492,-0.2572383944575564
-0.10788686714931982,-0.2605778499158998
-0.04638832913966928,-0.241726323082869
-0.10279423265119068,-0.22003881959101276
-0.014607160556152297,-0.24786754114549986
-0.16846912563009286,-0.22299312024897794
-0.2150157669298674,-0.24898345785263326
-0.07659467180275786,-0.22796125647716606
-0.0009076392855341952,-0.26711483358661847
-0.13512704508598,-0.2426624938506333
-0.13141174854740226,-0.2306097294327017
-0.1829332851270957,-0.22351821931561536
-0.0761924821431897,-0.2356353251761053
-0.12955719907431454,-0.2148533993689556
-0.1879246060669814,-0.24058768419650894
-0.1730706215012005,-0.22035490854681375
-0.11159748053713091,-0.23540088695156966
-0.318861747554923,-0.288690947792139
-0.08916716539414588,-0.20819951477451198
-0.28479636937736336,-0.3143319287167642
-0.1998857548220002,-0.22247173843107043
0.047649774018686974,-0.3119975300173469
0.058585728985236014,-0.27791906502326325
-0.20793746234117666,-0.26215244597086046
-0.14304273075761853,-0.1947895922993064
-0.18032520406374847,-0.2063599486816506
-0.06327853250767904,-0.24371810169340544
-0.181443812139699,-0.22945284030268595
-0.010662182267831664,-0.2771195359632985
-0.0019522296804810046,-0.2882425102175895
0.0003045865714390028,-0.24710857658925114
-0.007212646621369972,-0.27423430104987423
-0.04103429410727066,-0.26084800296304556
-0.018654092592545968,-0.26860157724822314
9.564257016542178e-05,-0.2824950113107107
0.0009319887220959332,-0.3070615956834329
-0.004681865448639022,-0.2639461705630515
0.007334388517933527,-0.28066417608763433
-0.0022023989072024186,-0.2640658745968182
-0.005771803830355499,-0.25343541287376187
-0.0063569649047162955,-0.2733089928188224
-0.019513352089078864,-0.272531465480879
-0.03083497385847608,-0.21549942713771425
-0.02487046954963432,-0.2689472217271901
-0.009669197092235711,-0.2681937469209371
0.005941387391875358,-0.26883911405452066
-0.0031632301503608518,-0.27792718886044826
-0.009682077702833969,-0.29416139013414644
-0.011106927871816996,-0.2771513977834526
0.0029585144146542786,-0.2966284730733165
-0.020990872366636687,-0.2778489566255897
-0.027922330233806275,-0.27477778475119
0.008956289923139684,-0.2686607180609355
-0.003534855144980142,-0.2773905517410997
0.0030789895630179143,-0.26140238194488413
0.0024342813379493178,-0.2916780203578928
-0.011631042416314158,-0.2914534676629076
-0.019352648807965608,-0.27691880914178335
-0.014625867951717388,-0.22790283026727226
-0.015073989650621566,-0.2609920900077392
-0.018328632696531323,-0.26812745276664074
-0.009672682487861043,-0.2852969891243165
-0.011099810409420182,-0.25874626062776784
-0.015875540128681392,-0.28292865236570663
-0.004962778569811671,-0.2593940819602979
0.010717843265762113,-0.2858779817459381
-0.013947491376961219,-0.28130304935812334
-0.002819956896667169,-0.310773430264679
-0.014163463224487027,-0.26769256503254835
-0.021500648084814833,-0.2601443549173154
-0.006023354457158735,-0.28450821602281773
-0.008495642653866126,-0.263959739856141
0.017855957765262193,-0.3128062443108828
-0.03301017053207104,-0.2324125919354989
-0.016157395240366773,-0.2956149437092453
-0.02698747719974404,-0.2605776017318323
-0.009152811578242798,-0.2659042712034141
-0.006281466790297036,-0.26885987698657604
0.07331480670077357,-0.2738699549718101
0.08826064512792126,-0.2800507691949226
0.054804065047568185,-0.29047752078531386
0.036071056860836836,-0.30541012926085237
0.12036795368701537,-0.26532523665227065
0.04578111078872426,-0.27924960918685393
0.07191037321617272,-0.27293688359914214
0.052777893648057246,-0.2768470695900853
0.0989220330170784,-0.253206106079101
0.10814184734580412,-0.26628917780988404
0.09303441109315232,-0.24864874334851744
0.06569910900047221,-0.2989937146257049
0.15009123354236434,-0.2339984701041264
0.10039005947996382,-0.2934845876967809
0.07174358254704837,-0.28496798525076644
0.13498245725315502,-0.2361058699656999
0.12606518341719966,-0.2697937058165725
0.04773549074331961,-0.2739972276952556
0.06625676509498035,-0.29360998069822325
0.09484951763999473,-0.2861813772905525
0.04728461039623111,-0.26828200124294893
0.0658799993300175,-0.29913071664700325
0.08987966418695158,-0.28331293425297965
0.0646101737591776,-0.2641182120039463
0.044727942740422404,-0.2839805539530197
0.10227706602167436,-0.2843222623981726
0.04415334540209658,-0.2935384914186154
0.0994845585422116,-0.2805281662141805
0.042562006083066206,-0.27697633210811773
0.0870997058869709,-0.27960327784068467
0.10331671615479407,-0.27656317884392406
0.12560484415686846,-0.2698083344299958
0.12921561131558124,-0.2562121023985557
0.15748165680387397,-0.22486133408080036
0.06193263067340836,-0.28023533633845216
0.0910742672613003,-0.2960252572501424
0.06472982833536756,-0.28680245180146646
0.07625081752106766,-0.27258401161396706
0.0669716083446843,-0.2771622623340875
0.12742800042234262,-0.25785808667496807
0.09678218699029213,-0.2521819116613441
0.11660970715404388,-0.28329244443470336
0.06585062269780023,-0.2742492578614044
0.08489363414490787,-0.2654166594677415
0.1515032974961869,-0.2599309108518718
0.08852075383094588,-0.2640612586473104
0.05575584796377292,-0.27921343211365895
0.08089465152800078,-0.2832360560156413
0.10687446077824883,-0.26436191503825457
0.12590904802410416,-0.2396041512098124
0.10811722729935025,-0.2858172871611045
0.05724714064047533,-0.27751020681443117
0.1069391558379824,-0.24777515311904216
0.11009528611262193,-0.2478217513027418
0.08173399310161,-0.29556652980123993
0.08418712359102432,-0.2932432799415566
0.10049941969182702,-0.24537525040742725
0.0844386602254465,-0.27648060638056293
0.05422547822238427,-0.31070306644148804
0.09355909125153575,-0.2604678658377724
0.0679058206764963,-0.27518306160249445
0.15041509236689518,-0.2473230544025001
0.10001029306830975,-0.274571255068641
0.1274991336944825,-0.24199655475801146
0.10361182064303126,-0.2572791316030191
0.043390966814113356,-0.287937243783536
0.10078024225121063,-0.2508054391458772
0.054770635132467445,-0.26154433963395773
0.05945750690593742,-0.303122359410925
0.0999077950366089,-0.2718157496787764
0.1054290072576564,-0.2784072997956675
0.06591196981566955,-0.28987294761301446
0.1307142208371843,-0.2425286125268188
0.05488573938984232,-0.2871666090219536
0.1177502889232259,-0.27650181401933344
0.10744305684158124,-0.2509282273601958
0.1139294238296013,-0.29432094671654085
0.07602815761639904,-0.29919032587185046
0.0968364678239582,-0.2718177104380674
0.07688709156909522,-0.3077512709162798
0.0475388765842335,-0.29410665739456543
0.1443060414008389,-0.24155676676334706
0.14491049793962124,-0.2453407512988446
0.10581464433928073,-0.2680482520555497
0.12996645866098644,-0.23211194933736365
0.1193132361895104,-0.26540233899898724
0.09799841595780064,-0.24832281411039994
0.08090111853243227,-0.26300287201756795
0.05956484042273441,-0.2852762600488752
0.09618346301309375,-0.27458955790197537
0.08461320828439467,-0.2712228265852825
0.06899256972672169,-0.2840217555474344
0.067251584721775,-0.28980203215413164
0.055862422372956355,-0.26809502129435747
0.08896097166670458,-0.2984322120289101
0.10070049888798915,-0.2930487194493723
0.0621706141366592,-0.27495897525331003
0.1477010429830894,-0.259811541206798
0.08990431435290736,-0.2540645084827096
0.09201098204903539,-0.27510818744649584
0.2349742772752371,0.08486951013995109
0.22254333566184079,0.11045569737224704
0.23047347474982416,0.047829505717343394
0.23161748315553965,0.03201511889479592
0.2249930748229798,0.1769003213610778
0.23237997517389616,0.12955401550306658
0.22708785779779356,-0.006689203590144854
0.2322057826804701,-0.06550447782286578
0.22339377901013976,0.08698183979580516
0.21719461995315834,-0.024314716510120904
0.23348096111035596,0.12948803850601887
0.21862778697709426,-0.07779563432002667
0.232046718619963,0.04824678615987593
0.237476953422976,0.04680913983132884
0.22697157917181396,0.02795881609351675
0.2402613755671041,0.1344491428606095
0.237150126759722,0.1689197849014305
0.22505239732166957,-0.014105608480903612
0.22743996374402545,-0.025049289219166358
0.22660371219279085,0.1048328024543555
0.24219245751870225,0.2617320513752802
0.2352772754201616,-0.17167627606722896
0.2304568708965254,0.09841720611636384
0.23337485275890835,0.12352773308893282
0.22226524699029188,-0.026229697722821885
0.2556531834944665,0.1928341038744299
0.23870012923668896,-0.09249901605953985
0.22020910335265592,0.05993261383601151
0.23776993996656626,0.1852061076657439
0.22976430829778996,0.22064256225161166
0.23474838293883846,0.05952132508465485
0.2314186929363706,0.14704835070357358
0.23593219245250366,0.28974864098685643
0.22091413114876665,0.2293198497846485
0.21831105985516064,0.004867376967634729
0.2462046820703412,0.18122837800756836
0.2377493942970412,-0.0027191338860064755
0.2261806809664611,0.05955258351166438
0.2335617583930613,0.01257121061178057
0.22041778863339184,-0.0023123742344052234
0.2423780592331116,0.18734833920083405
0.23577284761341435,0.1257080700914694
0.24132525570326435,0.02787297607218014
0.24214186946567184,0.06675686908785938
0.220365345753245,0.33227412977496684
0.2312243573872533,0.07800608103629415
0.2334597923942309,-0.024066621844557184
0.24896375161249376,0.15103777832831602
0.22377679173763554,0.07523659512384105
0.24447856887512545,0.08161771442931887
0.24026521439490414,0.1608581268031138
0.2409692067435299,-0.2584499611949741
0.2225805625777207,0.2559933638083253
0.22370036743892144,0.09391033404655058
0.23415575325518065,0.020164653146808206
0.225449326639664,-0.01899357730384904
0.2387561851078613,0.17183894617503334
0.21784753825632916,-0.17724175992057684
0.21373472002721441,-0.017709214461000017
0.23467559794630255,0.08795570579341964
0.23336455210742124,0.21820565335757364
0.24073280415762094,0.08344442085210502
0.2346434605887637,0.23839180157580764
0.238941130541384,0.17199816684893265
0.22280881376897518,-0.10151574384715137
0.23757051475171345,0.31060131167641525
0.22091407698274676,-0.19090874735037772
0.24622410097006256,0.15622719881864666
0.23222097645722875,0.16197110790946642
0.2415686664176053,0.0169025881224863
0.2230999320797527,0.1614518692145578
0.249149826948681,0.2461420964784523
0.22955113173307634,0.1515702057157418
0.2358445321109597,0.15552500682824344
0.2397804515125277,0.15582873712792927
0.23562024396960474,0.05769124826493749
0.22406039563393357,0.09250450623372236
0.2366803844768492,0.0026072392731777967
0.24247217359694564,0.1777066361216605
0.23387796261664784,0.0805676573188654
0.22158291863925927,0.2845230273338538
0.2287505472704149,0.0383159307555796
0.245765665538594,-0.0033292918241533123
0.22487396895767162,0.14403233544563768
0.2311442073234093,0.13867061685263254
0.236850191587624,-0.15047202681116012
0.2269926628340645,0.08890946453115332
0.23324955647581266,-0.018581762575677258
0.2329921639586342,-0.10698070638631069
0.23137478659013605,0.06682612271228205
0.2317267152425772,0.04187524023842826
0.24872985950155205,0.1478070342254635
0.231547015136744,0.030859683108710626
0.22425248879267687,0.06255966735776841
0.23589266368955486,0.1427835255394954
0.23325088956318055,0.1238062236891693
0.2203553174750182,0.2165304994983064
0.2300774048718989,0.2352053379984178
0.22990195576399744,-0.057460963066400826
0.22045592461493904,0.09459470926606911
0.22874709231718465,0.20632747830503842
0.2300383852157468,0.07806083642928907
0.22429216299417593,0.20858799925403762
0.22271080849762584,-0.009334249641852945
0.24093359457525115,-0.03328412089696475
0.22532741802759204,0.09742992547383102
0.2294984595070292,0.0861992770017444
0.2260772275162547,0.07716723247808414
0.2437204432971061,0.04260003849293958
0.25277684565692754,-0.009604162618032541
0.2300489225101288,0.17410338172818726
0.2376527037660359,0.00390619899102479
0.2375774809936442,-0.003195803230852417
0.22475658818848915,0.1504676355213782
0.2396748663546636,-0.11572065692210227
0.2406784496399326,0.21969297444326022
0.2333120478554252,0.12892965489709884
0.23255701226155615,-0.01455340870764979
0.23880182322119134,0.01609433312259606
0.2421014480335856,-0.05882166548713054
0.2273989665476515,-0.1399357303537952
0.23867912977345826,0.33128301501895224
0.2232164092342424,0.13614226031962695
0.24156216007900255,0.23394867995581484
0.2370667387833426,-0.1738377789945482
0.2207641571056168,-0.01065394024448138
0.22481377709126865,0.06029963499304509
0.22892804830422836,0.19702171959605116
0.2353175944319888,0.12041950364876047
0.23229848292154084,-0.022614285994293964
0.2346238263414282,0.06646934032901503
0.22965182333423745,0.1232572726990795
0.2305184364805259,0.13806272950457874
0.24317720304891366,0.2601337498780133
0.2345015397343615,0.19659996832338286
0.24463579146716954,0.08094588945104658
0.22937314248641266,0.015724326582837952
0.22721644014030176,0.11140396998774327
0.2433587343669347,0.1626048613031051
0.2410225647419467,0.10170558020842824
0.23403222847724256,0.13254735489016423
0.2440483031952909,0.1053773461993025
0.23824073945317445,0.08060796976340101
0.2332338508025159,0.09651400876048272
0.23251569356271934,0.11894818467867248
0.2369129080249269,0.11280414189281758
0.239772632623193,-0.1106131732285471
0.22650958050890116,0.23561446098786096
0.2313908920926637,0.2459648791803221
0.23539763232711994,0.041736143252131534
0.22843382000374465,0.11111181998413766
0.23684347019584145,0.0753036657999015
0.22786887126803776,0.1217823883778669
0.24220945029310714,0.07365049113574006
0.23432150039759445,0.15095303394122606
0.2372681958124359,0.1192743055231485
0.2396175632394425,0.03193376647803552
0.2346341059337431,0.16836084360699247
0.23542858646689854,0.1808018667797603
0.2403823746355625,0.08755569116264053
0.23177690125604575,0.04574621052540073
0.23627828313700544,0.3141676892131684
0.2214034124244784,0.07191696049327084
0.22454190404484012,-0.044586139052730935
0.23270673884498566,0.12467758708083307
0.22998200987683534,0.06409724714294929
0.22085258686389944,0.054909947961258525
0.22717313269377604,-0.003402610071001288
0.2349136319943988,0.08688037403419313
0.2405023793681088,0.016110371596329498
0.22355124038792185,0.05669770209523016
0.24201547190723244,0.14778645496090184
0.2212740824360223,0.1398970824344552
0.2456383015777433,0.07279110859237287
0.2410989492425813,0.2342612835326477
0.2412893007131389,0.03148600867565454
0.236780988092641,0.0755915268516311
0.23421429850020384,0.15923260268439016
0.2505405069305239,0.1720857797799013
0.23295310987954695,0.15923318343742798
0.2348684304560765,0.19267987291739025
0.23435144375377706,0.06945229121202273
0.24017188040672605,0.1180551712917827
0.23341789694857645,0.08635038318362137
0.25313416488448814,0.0918279465260694
0.23352872118307916,-0.07372700077011508
0.23365968109902804,0.07512871939526361
0.2307781845544203,0.04058142876608645
0.2368017102923449,0.25348000518789904
0.2260248136571225,0.053882819190531166
0.22945609804741346,0.1378491833460243
0.22779709304931706,0.014998271714225629
0.2321134855897008,0.3055471753542783
0.24525656083515984,0.051916681592578846
0.23009236479841644,0.25344089789780255
0.25782363126641644,0.19996032768925665
0.248754848032032,-0.04904762729193912
0.2305382494951765,0.00011876049222270256
0.22503644173012385,0.039993112653226526
0.244091725797927,0.18345699711003513
0.3707573757264896,0.19273625202157507
0.2266464143603283,-0.18806468892754266
0.4510268744798314,0.3256602685880792
0.4080656427327378,0.2381548236806205
0.38955741636761926,0.2497763670760088
0.494308771762631,0.37073514233522403
0.35112048442047544,0.1979867282900576
0.455536503492642,0.29050823204503495
0.3880258456875986,0.21085740409191162
0.34396003407299974,0.1492019497368955
0.4396693669205482,0.2687789949181988
0.5066468469024009,0.36739416147711196
0.4409807280260581,0.3114614964380565
0.4403177553610007,0.29575808536367176
0.43167542249854096,0.30026635953333103
0.39979289305091864,0.2441777461147792
0.396525443847451,0.25920115340934974
0.32696940262105034,0.11283659493901038
0.41002716140736073,0.2390021351534516
0.25361819769015537,-0.08474116325486117
0.4805872934197731,0.3759384110577607
0.4767652655353716,0.35820607024149165
0.3730473152622649,0.15560873880628967
0.4036022909802128,0.22209064672067527
0.300328502008014,0.06342556638414633
0.4126684341788851,0.25299161362454825
0.38297749547874305,0.2217445695155769
0.41843625171274806,0.29328581962816486
0.37364710648826804,0.19993713887065953
0.39896603903304567,0.23252127087071295
0.40679002954250076,0.2699019762941455
0.3905106052396816,0.20108295168163226
0.4345762443207044,0.27888041310467404
0.378983149785751,0.20137066885401575
0.4548391685889786,0.3060095696739081
0.4157349701200832,0.27572674175622225
0.2898806522142834,0.05343019019536016
0.3925183360580841,0.259520364340704
0.4433273350865952,0.265735178002542
0.4707992845415,0.31702458044116455
0.43008865509340327,0.2815683950265028
0.3732573562463909,0.258976179685229
0.3661937230269618,0.21546976313211774
0.3203623310100988,0.16647059353804333
0.3576632155244002,0.1842230252972728
0.3986986513521266,0.2480512112767197
0.4352438726710259,0.2542018826833832
0.39540574885293056,0.2365857177925708
0.352809949080087,0.13685657535374057
0.3564575364382707,0.16492760598321105
0.37614133772341374,0.21843009881110384
0.33613947390435445,0.1547872051897156
0.28230091388709216,0.014543010403848531
0.3600435741818124,0.2032365761706824
0.3468097076664918,0.15524253509965394
0.3765549331868275,0.1939751004459385
0.4133921737305607,0.25519882278316963
0.36067089484854237,0.181276155076596
0.4275434931720592,0.30730699583015814
0.36906472793886325,0.16699136289685124
0.4136724089634967,0.2563128001786368
0.4056589825680822,0.25560716728831806
0.4258165064372633,0.2949204520126282
0.39009104716714804,0.21114765003586913
0.28279622669027216,0.03380749066034417
0.43676720984693373,0.2966864854377008
0.33764326208223844,0.11845472232889087
0.32185084588410784,0.1374548973497985
0.468219503438386,0.3343075823325147
0.35289967178468823,0.18316158781350048
0.4361780994783954,0.29538988460772075
0.3700852802374318,0.2017237543407086
0.29104179711156897,0.0496277749659827
0.43094576207312546,0.25827796251710655
0.3864514494383462,0.2287549956436086
0.40163342675332164,0.2608310088808442
0.3992782904105577,0.2676291479923664
0.4307970993944573,0.30903964789377397
0.4199819499150624,0.2812968120452229
0.38772094763732456,0.2252391920856656
0.4031841302216955,0.2575423070995724
0.38066566258119566,0.2271173752347149
0.3530063496007685,0.17305250327288446
0.3240946438269536,0.10922999343090659
0.2693982262912397,-0.016118589474155533
0.3444687770555482,0.1534436183579007
0.37874620436023887,0.21652939212590866
0.3642630288154503,0.1642831499446747
0.24380905554269,-0.14531895818816687
0.4739873021962139,0.3369315606339481
0.3593397486459877,0.2078088519684779
0.4610151102266729,0.3492774470705933
0.4504834581746671,0.33150470710544133
0.30062350841523433,0.05103439091629979
0.399952015956184,0.2580638491739008
0.4590090541950189,0.3254587799454505
0.344582857441458,0.1379391137316588
0.37370812172723533,0.19726070367798812
0.4175050371664887,0.2479812266508197
0.4558563442995807,0.3455968079767142
0.41505082907753,0.2560385134936828
0.34171375919166397,0.1329636761433429
0.29200302417766943,0.06134215934984305
0.4378867766762157,0.2776208641809076
0.4501757586286704,0.34096699608937603
0.3172346348136098,0.12948637806350574
0.35048318659846056,0.19491147032103437
0.39073273515392826,0.19963437507751408
0.2998944541520633,0.07999185032003475
0.3041644826585875,0.08009550781494305
0.3635942231477597,0.18086601260712762
0.34836125806893264,0.1705294418368518
0.3953018437443709,0.24124962044273704
0.4344250459793936,0.29587874364528527
0.30228461560871434,0.09560209228941147
0.3412408351334326,0.15749867964442962
0.30514575400746213,0.1252203978420501
0.3988260136828901,0.2581874142072109
0.3656540232571617,0.1985480183046931
0.3545780633912926,0.17254618550240122
0.4576915738825044,0.3503849800173652
0.3143534756042368,0.12867792776331238
0.34359533353266225,0.1629893332144837
0.2833527466258469,-0.0021037456106696717
0.38160394132817355,0.2128788038384569
0.427142366435488,0.24199598608193984
0.39489477210339047,0.223257335931468
0.3869152384315197,0.2666297253680037
0.39735113464011124,0.2576702732050992
0.34672790800674164,0.14840955105801987
0.3349052315002388,0.13187270522158043
0.457790433899486,0.3403309301730538
0.5008109165331434,0.3305185026369474
0.31663158876053255,0.10876214560554597
0.41660525428277123,0.26645521635125974
0.34078595198252404,0.1394885257779324
0.4406763107417965,0.2777952766175052
0.4317094380572534,0.28124698491578426
0.4348282998336948,0.31577438190544815
0.3104851139586743,0.08152419904872622
0.4521731607643802,0.28195731723242223
0.3382045889681129,0.13477651374179972
0.40927332536139016,0.2497147713223714
0.423290163314079,0.3072229509139182
0.4463712334381075,0.3088241987615066
0.298090784282818,0.0469830715393828
0.4570299693238536,0.3346559563052928
0.39294548051326217,0.22585876973644894
0.2939386548067625,0.07101618199472837
0.36459523541317324,0.1924524700029755
0.4711280407930943,0.3476789936892884
0.403124343075094,0.2535055485977704
0.36995522761920957,0.2177325927818554
0.40727044909868737,0.2664156427022632
0.3755294107168183,0.18637850457746036
0.4357342066263277,0.3304730413608244
0.4287018281502548,0.2809625660095873
0.4235720176295367,0.28074505290143403
0.3678437989471395,0.21670137813320067
0.31704712255649287,0.1270241243644052
0.35517908359215755,0.20236575364328646
0.44104010543357447,0.25991375073364387
0.4562484771480461,0.34985099817033893
0.4196202195242137,0.2676560441626297
0.4853182853012011,0.35229765155284365
0.4886987648130968,0.3623280432642455
0.31401862497705574,0.06738422613565592
0.37519168633523775,0.20762768415939006
0.4787373664190452,0.3662987379566818
0.3833056623755865,0.21037465982371512
0.24618899971494446,-0.11657913409611115
0.4679435780100348,0.3507240615615942
0.3725822554195846,0.2211568593881224
0.31149124759391683,0.11823596132575626
0.437564904617496,0.2660143520236277
0.3903963058553557,0.21540692317742244
0.4430876172054331,0.2748412978169269
0.3882529371856521,0.2266237843792528
0.36107110678912097,0.1646771270178994
0.408086618623939,0.2703746111689236
0.41756192095226313,0.25833214151572925
0.422221495018586,0.263584438119547
0.39970403522532344,0.2500277601067088
0.3228785912932055,0.15760569600281965
0.40463291342058727,0.26137769235763003
0.4205222645366847,0.2773520674410407
0.42630715402790065,0.28283716356477756
0.43312621900791676,0.2690164274239715
0.41960369247435936,0.280875626117288
0.28989309282610637,0.02244606571205676
0.3429294242721691,0.17624022483383728
0.2997655550905526,0.06236058001075784
0.36965758596770215,0.20498958561808442
0.38530292836571217,0.2401324555127
0.2469243930730409,-0.09872116147161203
0.41885326393094474,0.263096192876185
0.3634748700820797,0.16004507655251615
0.4522208166404232,0.35882064864256014
0.3255572344288505,0.16239982848903528
0.4555335964745874,0.2981605489266386
0.04595898553702993,-0.04272977997172961
0.08405653985651668,-0.06808841317232706
0.007184672464223162,-0.12545705131976978
0.16914181999626948,-0.12889367538222604
0.05388703047569732,-0.09002424429906432
0.017520314015760763,-0.18551497100864128
0.09590701099422573,-0.04148883297000086
0.08702785285076052,-0.06622298608699936
0.014488821628403675,-0.15768022767084255
0.1332067627568731,-0.11868122077847107
0.12189211635983202,-0.10797767460138655
0.0952313000354861,-0.0387390517928696
0.04257869948111342,-0.05008974545843348
0.09648278923716264,-0.05340008427716597
0.020855206201462473,-0.12740005508289923
0.014578643588060465,-0.1241250579167381
0.03680790065981709,-0.08713760621035449
0.06624153150514246,-0.06404915671687744
0.009610911564779558,-0.22159733811171267
0.029253845513426524,-0.15393444085747876
0.009184286360191054,-0.08674994378753818
0.1385689758187953,-0.08214221056724326
0.034083345388439094,-0.20221569123992802
0.18204395851079283,-0.1039521380519485
0.10900982923104224,-0.13731179278207128
0.066894761152969,-0.13161031970455292
0.10933522308148697,-0.113747830720925
0.18448480807488046,-0.05061660654405367
0.031233451558202344,-0.032155030387825995
0.03525469485534183,-0.1140604911287599
0.1209314657330689,-0.11486734715552083
0.02930010151441587,-0.09063684610934727
0.03745567728927517,-0.10596082165060634
0.10008103564415503,-0.1610921600982341
0.07841731062314417,-0.1738991061447235
0.0736274400642391,-0.01555501167099427
0.0611201474360214,-0.1171251893697086
0.01925384809252015,-0.03185485117201167
0.02598775851931889,-0.1221841861234241
0.03956719542272935,-0.1116893484654271
0.05414927928195989,-0.08171293713181402
0.017053571984183395,-0.0597117103497778
0.03206621044904662,-0.07885198916866282
0.010938194871355555,-0.11654485841650887
0.10124358501546254,-0.1395112037064655
0.06935578453035024,-0.028856786831875317
0.142443798025084,0.029850996619809944
0.03395131815293051,-0.12496240756806942
0.19140968667163846,-0.04104729336006753
0.18238385290510287,-0.07960390993517463
0.04039714998184001,-0.05399972574265901
0.02336009957764476,-0.10842255074103262
0.05364110250149324,-0.09599507370703618
0.005549061488214434,-0.14915924995023166
0.13006900471717234,-0.08405506045532118
0.022239772987254523,-0.04288386301809499
0.18118443806448056,-0.0705626636402199
0.02509654915570769,-0.05334676030488857
0.028397105430219057,-0.14354106471729974
0.11877666737650648,-0.09835710422523455
0.12560517379140887,-0.10327359295887521
0.11683917447604016,0.036108104198463616
0.05178277602728089,-0.08101367369365221
0.034661671637208236,-0.138649920580903
0.2142929915943192,-0.061092920207181926
0.10575732361488392,-0.12759851872178735
0.02562332002764053,-0.10927961785149377
0.026497527340977822,-0.1301412387726805
0.06518046208480366,-0.09684775018072882
0.0512493515717975,-0.19523126890064366
0.019643397472622722,-0.1197294465993213
0.07483043621238039,-0.027871343940296108
0.06007704794686869,-0.10368808459901625
0.021334921871198925,-0.0908702293079858
0.010695350039038931,-0.08841441617056092
0.0874121976283943,-0.09933775918147737
0.08207307632188082,-0.03345401320614941
0.04817307928490173,-0.11146545584395223
0.39739275209382874,-0.09288729867661519
0.017243458361785282,-0.13477150326270398
0.027430121354537984,-0.22193330086900834
0.16118391618570194,-0.05388263015864333
0.011208903851615742,-0.04018274217636106
0.07196937469169062,-0.05046166675217412
0.049516269335071694,-0.04919796548221095
0.07578979952491065,-0.2333256223592925
0.15806100045623558,-0.04118622049883453
0.07104651405492707,-0.05913871175742956
0.030347622554874,-0.07983357906136843
0.05689591766086378,-0.16199846671940116
0.08286628439601973,-0.016154524222967453
0.05586780423683312,-0.15496496241755053
0.23291900390459666,-0.012854993678272225
0.0745162679291182,-0.03526932738159361
0.040667368585496244,-0.08752383547918752
0.03737339324196637,-0.051009262567637687
0.3561845921527669,-0.11223701513424834
0.06559901732853858,-0.07862719836762752
0.10745746124364797,-0.004101085236072889
0.11779338913056125,-0.1443861555069917
0.08576129384894576,-0.10638006281073856
0.02882069712562973,0.004456927462859085
0.025876484431594963,-0.191389960108728
0.09786321371291687,-0.1655729927230953
0.030241490846140695,-0.018216524996160027
0.025491561358676473,-0.03580946629435927
0.01672084758818088,-0.09095137655418024
0.01048113077246518,-0.07038644655803017
0.1732619125813682,-0.07134078559993336
0.08958838597046591,-0.10306293929666087
0.026079452126390682,-0.044473715113041275
0.040311952354733886,-0.12213069178497582
0.0500080969731746,-0.10082944270926952
0.06532372150445731,-0.10778717904465308
0.09726102232995865,-0.09457392145580401
0.09758586314757632,-0.129955500631397
0.06986018142483345,-0.0771235118324557
0.13937307655648323,-0.16740963979224174
0.05723988598162694,-0.06850683349840592
0.11293569559778782,-0.06569531381601822
0.08748377752571403,-0.07891079651688629
0.08831282362553182,-0.13011714666237392
0.05096067905189367,-0.05486371738615577
0.018141671351118546,-0.08748161126310795
0.05864726145773829,-0.14715086968019014
0.016345909992187352,-0.15636697001834332
0.15049143322427455,-0.036526377015361405
0.058496043531730664,-0.05968067684195151
0.05524063493701887,-0.0426859376779489
0.04575874913756189,-0.1439131800057619
0.1880860710343877,-0.18632210014628064
0.053732177241935915,-0.09529340101897912
0.024838084074521344,-0.12121331528018378
0.10535592009070531,0.005989177218571895
0.016910654411920523,-0.1140507519878018
0.04752900083823053,-0.1578983388447648
0.04440837379583878,-0.1465258505772317
0.17124681212701923,-0.1545728815796676
0.05862444094607426,-0.1418174618753035
0.011791800007741245,-0.06411319877088169
0.09914827791329231,-0.10620052174658833
0.06775569937659992,-0.11312747912939022
0.07069533570960938,-0.15241663506054298
0.03807161787976987,-0.1245454100436355
0.02021683541159744,-0.0844044838396722
0.23301870415093426,-0.13349944994621105
0.019401556344026544,-0.016454323470578344
0.1240313648848109,-0.007629686269222389
0.09011978100176037,-0.1123473656957062
0.11060498955106912,-0.08445185280280709
0.05397001938480128,-0.15353316170509615
0.033811234573997366,-0.09634304421073048
0.03792635369593733,0.05037141237793514
0.0838436525887142,-0.01885201890357907
0.023229395440612564,-0.08659483113225101
0.03956247136330565,-0.17439630046208593
0.1323889415054416,-0.08357356421954928
0.02011265295951334,-0.16728761435113018
0.033287864463648835,-0.1700227660274485
0.028364198142457605,-0.13412262425129487
0.026089881464877614,-0.07114131126553089
0.11638642132223816,-0.04039331645591009
0.016902909639536584,-0.08636736948151053
0.2262438763279213,0.010302653106354642
0.06464594799285678,-0.09911429084183605
0.02510428785334695,-0.08720064818736087
0.03580719504024421,-0.16199354042285052
0.08589366228208184,-0.11540173466832265
0.06155643959404894,-0.13394715693029483
0.10077152823667641,-0.07380722520776961
0.021257459386147728,-0.20470209482617638
0.06800472185020816,-0.13275140873220387
0.06640807978876212,-0.06480733537864665
0.041060138660496515,-0.02959121586610472
0.059623046413133166,-0.13199221462284105
0.07544829505713213,-0.1530683053445096
0.031322633342311605,-0.13970299473816586
0.08099196927998492,-0.13426291703079915
0.1499231972002566,-0.1474317951853702
0.021205565855660413,-0.1282151690799275
0.2263756306152808,-0.11564000268673208
0.0715074168954139,-0.033706399397299636
0.04305395238182053,-0.09315727399180597
0.061649555413626815,-0.1505273710037083
0.17304457229497447,-0.05295379270981391
0.01915626064341408,-0.1228384401141702
0.06782659559375298,-0.10489773915771264
0.0717562206000124,-0.06662580685621632
0.027518311282961724,-0.0858311126725843
0.07987618500711054,-0.12987140620051382
0.057085696335742064,-0.1259618283231669
0.030963270720144875,-0.050979973483142725
0.07287579269109291,-0.07109966881430368
0.13323487742107606,-0.049769962889582166
0.1344125718455272,-0.1748016633959676
0.25392368280726946,-0.2575021207324856
0.1177975427829347,-0.033304479761823685
0.04791588819185287,-0.10431209609453218
0.06149972391559366,-0.09250851645052248
0.05905839945815615,-0.06971993797619919
0.022162783391233253,-0.1196861385469106
0.04214107753484813,0.004916107610102027
0.09137528338697448,-0.12766135250343802
0.1609799681793953,-0.07590616690571197
0.02240477881377129,-0.034361235341705244
0.04110470704862523,-0.08302710470465367
0.0726460480548266,-0.14696927204362176
0.27621097743640777,-0.11940422945071043
0.194990657670765,-0.14006162015097878
0.0847616415834579,-0.1166782855119456
0.03716671760257879,-0.1393785917804122
0.0826434024801418,-0.09853056880355392
0.14228155060831363,-0.17969107647572444
0.04666258785724581,-0.09737323546742106
0.05963495904601801,-0.0846677186103904
0.06699103076051982,-0.028429930060236645
0.0593127039692779,-0.055083162166523585
0.044115951920594976,-0.19201997405085808
0.29966441823585555,-0.09428683850374547
0.015697728043327697,-0.07564419846274638
0.09956746687479649,-0.07522332533876161
0.08255814755546215,-0.1257604295792945
0.07769627439293982,-0.08221654507487972
0.09685295835828871,-0.1625839165511333
0.05754468487752234,-0.13266277493049647
0.1259585068828855,-0.10686901323067807
0.05055533822342373,-0.1793418461604412
0.08745686659733946,-0.20031982131533246
0.05515724307251973,-0.04422751659637511
0.031587593602937884,-0.08584889851421484
0.06804935146384229,-0.16010559811975292
0.0698611070122152,-0.08854616020585304
0.03327307799106605,-0.19987764208679099
0.08508521836181304,-0.0812858985541843
0.16300399842847269,-0.14715919017068985
0.10362001910116221,-0.06828854608539364
0.07624494721638736,-0.07854276196417005
0.1913533098351546,-0.08539948844949356
0.09918211048039753,-0.03227189824261062
0.06009035094411703,-0.10129418702434143
0.04835810565772125,-0.18775890258821054
0.14238973141449807,-0.11238349280914944
0.08631540903668648,-0.049575701697575365
0.051465920048291695,-0.04674797868872928
0.027067644453168224,-0.07954912643957003
0.04667787247293592,-0.051486124921171834
0.06614867774032585,-0.06409289185403497
0.23403349318039124,-0.01765518836695723
0.042475619858010176,-0.1009983420285516
0.1166075468894694,-0.06521121748181119
0.04309226881100581,-0.04038763331530193
0.0654502734169069,-0.08681759682315715
0.04761547300411201,-0.14478544767583554
0.09934949691984724,-0.14481759885581094
0.078909315997209,-0.10675082594891344
0.02976983752825135,-0.0381463108371552
0.11735412623916736,-0.1212626732317327
0.07308167456495221,-0.0993992760823056
0.033331159746055834,-0.049158685759467406
0.04835904471118058,-0.08688450442509671
0.047413921472011004,-0.012575522040048914
0.040191727981123686,-0.2463340834520186
0.0577565599552905,-0.12784617136056575
0.0503753063918288,-0.11649008020288865
0.11427405672203672,-0.17449372841646948
0.10455583857863526,-0.10613654431182253
0.019781519480175706,-0.12330628636428202
0.03581150965167473,-0.09149061514652909
0.1904650523015199,-0.14389428194168918
0.10364082219640909,-0.1324269919759962
0.04045911565435606,-0.13836619869962868
0.05534196248764688,-0.08668173606958086
0.07207825600580697,-0.02339947917354832
0.03138444464081185,0.00035362669085264864
0.03865826218854834,-0.07733635262519185
0.0805654977955491,0.005854812016797716
0.25254865913417396,-0.06371329028746446
0.0457966910601426,-0.0644689290863067
0.06009825286686216,-0.06034427922795039
0.06717190966836528,-0.18861050916253616
0.12214675147694767,-0.012516608024936761
0.061356680424654024,-0.1266248537789446
0.055920346605629,-0.1589379965869083
0.05718016021561879,-0.10274778136566448
0.1525834987038391,-0.07241108537859296
0.042669026779888646,-0.1242717239005027
0.033056360953774004,-0.07806839816021248
0.01609291252389994,-0.17035627664607056
0.08066123451105163,-0.08691869028637497
0.05088178540896842,-0.0003851733559284698
0.06010877947164766,-0.1680215390620103
0.0411805501810843,-0.10030748893368943
0.07431738883278727,-0.1527638592298565
0.10996014266846516,-0.03828119018463219
0.06958067790905326,0.00018107473290907006
0.1462663234885946,-0.029703125859407237
0.07064483216487026,-0.1223648208919091
0.10296098349712172,-0.12294876397646923
0.020050882567730462,-0.12900928796677433
0.062450307839034165,-0.12327106087785053
0.04003410602535218,-0.13092511703260842
0.06524070355982475,-0.10719398898135916
0.10409645513409807,-0.08165171277716467
0.05210105323831417,-0.11576419615680295
0.05063807267583309,-0.19838991428833266
0.027042180265120643,-0.08888974059829148
0.1126585020480424,-0.020057735650722743
0.08212794936259514,-0.17077285024161118
0.11558524038693123,-0.13367898747044624
0.20250627243481786,-0.15552074532275942
0.027090897326441186,-0.17377067960551348
0.027917569426648078,-0.07265799986244954
0.08471428488983572,-0.08596283728414605
0.05476608218210366,-0.07779455140262125
0.08002809785154003,-0.08027802982617786
0.0615763475509246,0.07013528695784044
0.03389447576618826,-0.046368581311382405
0.02175882396123005,-0.08601897067161786
0.055093983377769384,-0.11301338627012016
0.048467236485221825,-0.08253548434937043
0.03192441676336666,-0.1834977513418681
0.019288650321864664,-0.09239970954383854
0.14207692638575856,-0.12640870929193498
0.0971476685861555,-0.08626016425135233
0.04563711523927993,-0.03422003046467615
0.09198379403932744,-0.11155653260999218
0.06787261421320867,-0.04453809931378332
0.03119406038324507,-0.02453389775977016
0.12597259647853132,-0.0436307820868348
0.08035971926070938,-0.013771679986028323
0.06803288018838205,-0.1605577647284647
0.2120483869572339,-0.12115748531772448
0.1468265295410893,-0.030381440710990026
0.04182583593233513,-0.07137748906917882
0.04460503665987142,-0.11927296808054184
0.229048129896522,0.10660238039932217
0.050809777324128835,-0.12567795552915234
0.10128963054313683,-0.19578089554189587
0.07209872264919175,-0.11843768262146205
0.055284954283452425,-0.10285359454268628
0.06207219512680751,-0.17300665688978617
0.09809835872576411,-0.13079791745270208
0.1031267330021729,-0.08275979447000634
0.005704008293578061,-0.1692946221821162
0.03813652088485159,-0.2295400476192648
0.028832211889413595,-0.09620428016642318
0.07129453690462116,-0.11046450063296978
0.014472635644748625,-0.10426499146585401
0.05852564166083046,-0.1603825184912069
0.021619515072883202,-0.17903930681508398
0.09613665156181612,-0.06523543438752782
0.046504210294113446,-0.08395664516863308
0.11606033910702318,-0.0381796207644938
0.06301855446379351,-0.16316020095501155
0.2826507613657149,-0.17194359803358675
0.20415121783078663,-0.019696340107714174
0.034278335919933005,-0.1163827746094964
0.12306539306101935,-0.074582006961176
0.04508123258170644,-0.07277133769599353
0.03806926693652501,-0.1469629287664258
0.10820664816407459,-0.12997991861773442
0.029042654410181605,-0.10650571408095001
0.023053516606670182,-0.1528843045994499
0.10621408013703641,-0.12499163195141105
0.00907601955310508,-0.12787599937309774
0.03775443553019975,-0.13855460854384938
0.14146749107237755,-0.05589551609430804
0.0524860683427289,-0.022087687853235168
0.10415914151089245,-0.0371842330392658
0.0839296269263109,-0.0064730266811695025
0.05872921917837271,0.021557773374047014
0.06351482150904592,-0.09363853507094573
0.044397039673389045,0.0003673681963404229
0.009949556376668943,-0.16303678206097935
0.04094097972697175,-0.16008601067480333
0.02326577857030543,-0.09049454396103797
0.03547028509672445,0.054702433262646455
0.13717819430904546,-0.008056354408092964
0.023666256715825645,-0.047048777951134844
0.10739349886900845,-0.06403731267803778
0.2091843018828329,-0.05620410531183565
0.10519723862849206,-0.16355612503688144
0.029254637536268845,-0.0889482493584309
0.06552095200533875,-0.1689268459534349
0.1333751774589608,-0.06233011201906965
0.020649737728814618,-0.1506955682744659
0.08250052245738787,-0.15369914691162576
0.02237658094214712,0.0009346847058429031
0.08358374026707793,0.009331981040692215
0.08300961024118508,-0.07854587885474613
0.05179327864590221,-0.07121741861148616
0.07921411396339362,-0.087762492664778
0.2270849066442265,-0.04749727733086087
0.06806223341995621,-0.059518116453799785
0.08307970322830888,-0.1378198054205373
0.11658063588488732,-0.09245321009220482
0.04723306574871289,-0.11375390877665015
0.04475725194465513,-0.24838834298890106
0.06038159223272975,-0.06482989586160488
0.021100549611784897,-0.05046082104564745
-0.34605074366231725,0.10712602366208462
-0.198294419049294,0.17027521234343612
-0.31903704143665124,0.034508442667518346
-0.021272720068970016,0.6248368683905161
-0.40950044983852235,-0.04276222087200843
-0.17492361512540114,0.22331417939144774
-0.20843295134778983,0.2056432124504309
-0.20745742967213276,-0.017198348287115774
-0.2850750372798248,0.13472055308011874
-0.18707846059733402,0.32561722287451533
-0.11686405910752767,0.16877708072985723
-0.2793898333070152,-0.16045292430384583
-0.19136214249992103,0.2274801405152891
-0.2951851051408742,0.16040465696132114
-0.3821183859815537,-0.06215052962004064
-0.1325399156641827,0.32338832617456703
-0.046540046432115525,0.3626001038009575
-0.07360131758277681,0.1657190682491959
-0.2471080794402665,0.251771465626482
-0.20452131127697934,0.24011547564100305
-0.2436168885185043,0.154566172270843
-0.3773211292590976,-0.05535288537680024
-0.2317202930327116,0.21531129836454072
-0.2207822715621947,-0.1484336993501657
-0.2282326539029776,0.2716657218071593
-0.17795649416589696,0.2559945772501405
-0.2734324457098333,0.10197164707421964
-0.3832792590909261,0.027406830686450005
-0.16990350192708636,0.2257256461389494
-0.2469559676006192,0.18247505954885607
-0.22071271599681566,0.3187843914091779
-0.3423985747287175,0.06407019754391474
-0.2000739164240078,0.2888369761737177
-0.17926007360948007,0.24728984438357116
-0.15348736975636867,0.2843783361166591
-0.41314519442428416,0.06890436825874834
-0.059217657884977674,0.2880051140265587
-0.1388381981604721,0.3057900078589133
-0.23832465240818104,0.21407022867383238
-0.3316188565461439,-0.1298600932440372
-0.17086175703528506,0.2926422971138937
-0.2691078951666118,0.12133181761220638
-0.28472389874165027,-0.0025394427775791706
-0.10318362363984046,0.558830887804326
-0.2063873988471431,0.20420613593105233
-0.25172403170806723,0.23784357485433685
-0.3067783669261682,0.13939453541571606
-0.2336049864044957,0.1669460523880306
-0.19169749865584024,0.4550038768312927
-0.016832121346594925,0.276411964806605
-0.12652858061346176,0.3011154069491273
-0.3569388741613436,0.15423779494540313
-0.21444362027253608,0.12824507710463695
-0.34306412868815533,0.13712625781467186
-0.29746621122893685,0.12741341387497454
-0.29000746756700807,0.1610139115831475
-0.1612726318848485,0.6020934297463763
-0.3442963552690397,-0.07137169184721752
-0.30042359806316027,0.07156428408821786
-0.21824999387001678,0.2299130809302931
-0.13013372426725006,0.25808519848370326
-0.06053166528520889,0.27117722093161645
-0.07653537173172298,0.4612290447233022
-0.319849197895443,0.14234637851046358
-0.11414923417888323,0.21617970226850813
-0.10834142008377924,0.3517001943737098
-0.18406898235146368,0.18543357778898367
-0.3169032739063978,0.2043447606649471
-0.35860504612123406,0.08028759260801896
-0.19076744342563123,0.5579778813866552
-0.09524032917918286,0.33122173622739676
-0.32438527986634974,0.10376913536117954
-0.04462254613080919,0.4050569890324317
-0.3797009258086222,0.12844384273641485
-0.33314782584439157,0.14174735815965972
-0.16770680021779852,0.28642751580938064
-0.3147936531010324,0.0882687184086014
-0.14485041315401198,0.2708093558686828
-0.2929873868173684,0.2176226001563689
-0.2924018683432672,0.025072943266199355
-0.4044172063530714,-0.16639021380005495
-0.17240234169577154,0.28833015853081645
-0.1011458173840727,0.3759554947006228
-0.02417362696062664,0.4435333631367716
-0.07635637982583443,0.3717332726171315
-0.2634522754370478,0.25581086879048276
-0.21682348600354392,-0.06095572050300362
-0.08187749430079397,0.317944117573848
-0.2755743820985785,0.22523552840658795
-0.19869036589379324,0.3625891039891984
-0.2734532325765726,0.20901311653469454
-0.3221114483949097,0.03769186316847028
-0.13962828773017336,0.2582881249848108
-0.2358659169258537,0.1854007385778835
-0.1777287051812426,0.2303971099868285
-0.22204888125902641,0.1349441195871928
-0.39727785467741217,0.08690838505901578
-0.15669613577599745,0.1578892389542267
-0.2192432921946505,0.14970103736153414
-0.3238169234215191,-0.08582666750298396
-0.2772760354639306,0.21286378037387904
-0.2690273957779033,0.012446376542128322
-0.09736715563209801,0.3540841327908309
-0.13016460104733482,0.303002473948112
-0.21140453590562128,0.34586782140348143
-0.3297298349701481,-0.0572298186561348
-0.2658635481190041,0.1418442857234883
-0.12813008612202276,0.368151821600512
-0.21980850150600129,0.10188125729056124
-0.25023871596439123,0.1633147807021175
-0.22328482899490787,0.3777684695458887
-0.1262763362811203,0.4091084046580989
-0.23203455403485165,0.13517171382395807
-0.19019868434522996,0.2329247707037735
-0.12542644488327712,0.28144289340532963
-0.13274163269564812,0.3002995997769733
-0.18506874829989242,0.23171589709661444
-0.1637732218213141,0.12822708920399978
-0.3163647740445906,0.18264104989033242
-0.26125665205526255,0.1169675324862333
-0.10500547109575696,0.3618373078581945
-0.2169261737913704,0.3042003841108988
-0.1659719058748136,0.3336337688961181
-0.17981052629237723,0.1502272557562566
-0.2921307702107066,0.12654479644198402
-0.2988727699340012,0.12395927817195555
-0.33727553272855526,-0.1783472331366
-0.20164727923207426,0.3774367009597818
-0.11696693951471393,0.4919272683271337
-0.23563421482755295,0.17227036402001722
-0.044381497130346524,0.4075418722822012
-0.1900036605641984,0.11706605887729392
-0.20684640532989945,0.19699775905129926
-0.12065730137828162,0.32617248146871664
-0.1522881902516219,0.26951242327308383
-0.20347866481249424,0.3640281765988492
-0.251938344565411,0.32571226268682696
-0.2217499364586867,0.10312360986825952
-0.3532172732827879,0.16707459824794035
-0.2920389518264358,0.10568706683515859
-0.03320385686784146,0.5167960387379571
-0.08724877118861345,0.3107399230866099
-0.28631523902654493,-0.11017599188697566
-0.21768076634429132,0.1466600025207405
-0.13845184722892162,0.25263120513781084
-0.10758414371174661,0.3236095825462503
-0.4131415543527333,0.048917902442431875
-0.3673857838937581,0.04014609046560025
-0.10790380600655539,0.3434297515523583
-0.3240653008259179,-0.09202500235971359
-0.29905711843067545,0.21577024683267507
-0.1363976697794541,0.3490889824842505
-0.14669713599872927,0.2359426912763178
-0.1567025709297032,0.25513898973897875
-0.11977166200470797,0.3138190039451785
-0.2077881586446582,0.08361617430632312
-0.07714237909020846,0.4613989475932507
-0.3199623515625655,0.24566902450190786
-0.042338992007315716,0.3696293950599833
-0.19547527289614833,0.14963523088508454
-0.32961241111995293,0.236957072766713
-0.35456204201012664,0.007351396466169557
-0.042440629457528994,0.33180350659640645
-0.19874015154640787,0.16879229068954626
-0.16772337941471907,0.3955997007426819
-0.2861204940800921,0.13150734594381136
-0.2616643863701513,0.03965075495600684
-0.2262221713104665,0.2523651568574119
-0.1542381251766337,0.29917751855333685
-0.27598210119633104,0.12177560755107557
-0.12576224465142294,0.38106369130470397
-0.09056261148935144,0.30889219437253845
-0.2407236593573734,0.2442190991304509
-0.19173792665516529,0.2299283328199748
-0.14589133086806647,0.3019105585545391
-0.14438670371986265,0.4699231646266319
-0.12540022608154947,0.32458111507477105
-0.10137321379978545,0.4893461835244483
-0.11562472663652643,0.2623447667461381
-0.2011444986442035,0.1940155273323115
-0.2444534841313701,0.2156477898977126
-0.15186906687381932,0.2995880740787641
-0.43031487120333056,-0.21779799805196629
-0.3786462271469993,0.14528426547170264
-0.2804099692912982,0.11543238173640967
-0.2213308572543109,0.21055166565555009
-0.2516172885159116,0.12089702496303295
-0.09688165898722162,0.4129920224795474
-0.31554056651324774,0.10958545339814153
-0.2916183847620013,0.02499704909239348
-0.391450482361234,0.04962486863759809
-0.09887974087971618,0.27138075666824546
-0.15962534977625692,0.3404855939111557
-0.10035913797551395,0.5084862814948402
-0.1820421636689533,0.2208876211860213
-0.1564184138239859,0.4593292499704257
-0.117773449313583,0.35643856375402105
-0.12948268072139707,0.2819106658479461
-0.18572770864091348,0.4297937077126279
-0.2529581513295559,0.16049347018870483
-0.24468816223000944,0.2459874090794036
-0.2325106210080871,0.1664055499214715
-0.32610047112115526,0.19608565409630044
-0.18146180026391256,0.2570045942391877
-0.08864784057420586,0.3178142733437351
-0.07719643981912296,0.3948544807904397
-0.2283379521661091,0.16596965308747483
-0.2998243696187104,0.07768846527382393
-0.31821493363415543,0.07097048303362846
-0.27215875268597856,0.26268441503659434
-0.05190190486639085,0.30915585983764143
-0.0867099962034821,0.3683464579895184
-0.19253705137620666,0.24045638738137154
-0.1701867738788325,0.2841106786118848
-0.04947139794480794,0.3049543599562097
-0.17000467661277607,0.288597228914169
-0.1724734471179547,0.2650886678460136
-0.23353658533592506,0.23705635424029614
-0.2615184504757771,0.1548954144134488
-0.17330269381239904,0.2239808271539811
-0.2866413534683292,0.13085205203250455
-0.1341170514553396,0.2667284300749721
-0.10928504074590163,0.34800601319142566
-0.16082965335359584,0.351748785998862
-0.3572720417115973,0.18559999868522822
-0.2620555212251112,0.10608772530451854
-0.3230264227880909,0.18082514321097806
-0.1922731615672864,0.10790250150523395
-0.11702576421630388,0.5279894902270152
-0.32512759633018223,0.18515951707528616
-0.121197303249171,0.278270824536614
-0.07609829195809345,0.5960897968021882
-0.2729065729316388,0.18509258207936377
-0.3125385253542704,0.1965179971255016
-0.06443509133319865,0.3367338428344766
-0.2585182706266956,0.1500562469491009
-0.3094020649402148,-0.06396069041648164
-0.06634050923455576,0.5711580297080175
-0.226709252651763,0.19600054381501464
-0.27374355004882595,0.13357438446238545
-0.17640901573094195,0.4439953049790585
-0.20275272408930356,0.1718049897896807
-0.3340852933507564,0.03549090356268003
-0.14947005064281724,0.6230550300668215
-0.23764738456731566,0.20240219534382156
-0.3209601815329684,0.245160421404433
-0.30251534029968463,0.042239865965799754
-0.1065940409128636,0.24362889748852165
-0.21498325566791487,0.2313385895563915
-0.38522245729367754,0.11342497955565975
-0.15348398160176396,0.29593176706171914
-0.12465614480294647,0.4395618175871705
-0.3395682543947863,0.10444051635578983
-0.14868815502500832,0.5557068961847673
-0.283769828207309,0.09742920960949314
-0.22342964286006425,0.1658004938705763
-0.2921262378470432,0.0037873158462715666
-0.15608563608025905,0.397250740433618
-0.17780281965372113,0.18085582947149506
-0.2484812815806777,0.06724846383913313
-0.39602721648343264,0.12333466529007232
-0.15784728727386682,0.4558343550152371
-0.2337598542352624,0.19098502410572832
-0.12303325362183598,0.3246705077858061
-0.12995325316436673,0.3467475639684057
-0.26470531233147215,0.13036590866326095
-0.2103649297709958,0.15809100804881965
-0.139771223477413,0.31025847786123334
-0.16312635413428675,0.3337149406080875
-0.12601547023042342,0.4454642306489958
0.003910599119841901,0.3650990624644996
-0.2578250958459868,0.16340470211796326
-0.05588881700937523,0.5377255592553902
-0.27454020925479694,-0.1143195633503912
-0.13117014715466627,0.3268420007817199
-0.27199805205779043,0.16827213362272403
-0.38514405478960634,-0.22207645723024172
-0.3069748324726829,0.1696538466018057
-0.1467286158822039,0.41325095596245537
-0.24500459973547434,0.2485150027166748
-0.05727751583072418,0.4974588742819137
-0.17895703714157085,0.3442573109578836
-0.17288801022764472,0.1764815145392602
-0.11790839975177597,0.41393091850242764
-0.07291599899577433,0.5138554712701078
-0.2446646495737369,0.10670099274562295
-0.24076414118529826,0.1955498366755323
-0.2754432556601627,0.057027196334163865
-0.3038678593918676,-0.053304636286647854
-0.2579976707870045,0.2541338500970146
-0.30957845690007046,-0.014567543364069787
-0.10088369120157233,0.42050429677112655
-0.1485552868149678,0.281218193008664
-0.22144902692667104,0.2549813322376484
-0.13295605336107735,0.36886035018223706
-0.3302475761056691,0.006115876320655966
-0.32174975953792706,0.0953944105056238
-0.10728385815229112,0.4843698449491523
-0.31278394664655357,0.018329942842837618
-0.33175056288147386,0.1751974968619448
-0.11803576734269597,0.412375355391447
-0.06902157882861301,0.3351465924913165
-0.36730184343437433,0.17944832448702924
-0.26358093274421956,0.3478489255865174
-0.1742145933514765,0.22258956804317678
-0.039149424170979635,0.2762251288987468
-0.16476938732481486,0.2470070216948899
-0.1614059099997315,0.1159951716291441
-0.13107625632122777,0.3818071919882706
-0.07877784387659632,0.39451337067672776
-0.1435073527453974,0.37171917454734077
-0.15036432138867942,0.20757663605378035
-0.1965100107327593,0.24194964379864914
-0.4933531530975991,0.007717540416266599
-0.1718181570996407,0.4169411745426295
-0.21516047632605895,0.19513755482375247
-0.2385468146358981,0.1220241472212204
-0.15988215463726618,0.3822687060973398
-0.091359361831104,0.3539549685483572
-0.22392958619810757,0.2540152753648168
-0.14467667229879283,0.24514115055903396
-0.27109966793353696,0.01572178006324298
-0.42931395011406975,0.07399052070922187
-0.06880309294656554,0.36367951251471703
-0.09482457816182645,0.3826524354438112
-0.21613343769172294,0.39869993960335
-0.17892426644952664,0.05179624591818378
-0.3046585502973514,0.1696808800831976
-0.30206343526087037,0.18816245127819212
-0.26647135267439964,0.29113415034084916
-0.2928235972043083,0.11811947117576453
-0.055188138892864,0.42265104992747277
-0.3281331869147879,0.007285939711381583
-0.26906581302080557,0.11191536241633297
-0.1918189165329707,0.40483394539144524
-0.16910596048563933,0.3618724460685445
-0.39047888936819297,-0.04869959813017069
-0.20529064388633328,0.20707294695324785
-0.3307888664617043,0.09076855036490088
-0.2671892438821182,0.2425698922815239
-0.20230782407122916,0.22283435582967304
-0.4133646188104391,-0.07952747454541939
-0.16456855120745667,0.26012439678975985
-0.2672626533600452,0.06426868670113811
-0.28048373611417743,0.1702627854529725
-0.34349559098248594,0.1015654900099836
-0.2739966244925517,0.17095044124450118
-0.14369142132272567,0.4487829124549321
-0.21802285196170126,0.19604174814070924
-0.17541919987211738,0.27574024246719403
-0.29862797019997595,0.15966029002228016
-0.40639738749855886,-0.04123602300479892
-0.3320542018083456,0.2584796094615248
-0.08815091238460801,0.3555947521830263
-0.14586310881419992,0.4310146096609537
-0.1711712614131552,0.3400955427465835
-0.02996348601091737,0.6655260542597161
-0.3046078202304308,0.10108494828641701
-0.2486756728859229,0.2613121036179341
-0.27146638289650477,0.2181306306371413
-0.2976110907936085,0.06689427514198942
-0.40196854990075426,0.036393976233400176
-0.16814659477096125,0.349653799675645
-0.269965206073395,0.21898542758155187
-0.34609474285410563,0.1495153756301464
-0.20933849808429883,0.2358807967787309
-0.10419492169810633,0.5643432509445857
-0.26065191614497196,0.21731255882897563
-0.14808451894463015,0.19759639695436626
-0.3598242625351077,0.11626794912418162
-0.27164812260257437,0.24858405576460385
-0.23372332671070514,0.257791644383293
-0.18542273361409906,0.2611547447119781
-0.2275231018227671,0.19457385639352057
-0.35991613648398174,0.01771755027088689
-0.2247866392763994,0.2583193867057436
-0.0514439453433264,0.3882942718754714
-0.17370089212236833,0.2663651007087542
-0.1546361739542586,0.1304953395509323
-0.20723042322740742,0.050979836432588084
-0.13156731439243427,0.3404182673848021
-0.33798992124098876,0.15930022565675814
-0.20763285525183908,0.2307941755322028
-0.368010804469733,0.04117120066289526
-0.35405501303207504,0.031209444449012195
-0.23250391753619026,0.16025749521706523
-0.2332066670758696,0.07589461345491405
-0.12767910759936912,0.3462008476060423
-0.09227327375486825,0.32625107192747604
-0.2509387199001612,0.15192338765235763
-0.1625941979513984,0.5251911543423686
-0.17710427705857112,0.24993859640275246
-0.1304709719872253,0.4355951404478876
-0.344589944017402,0.04721288408087898
-0.32830942104837263,-0.011381493976487495
-0.13846762691347922,0.3862840603999156
0.010051469581369018,0.32151433447071504
-0.09984687100122504,0.2419207729794078
-0.05764246377214554,0.353354880232431
-0.27837103318169515,0.28647925965926596
-0.15834790398253817,-0.02533007789395733
-0.08727358101717166,-0.029034999278571564
-0.22693849164878996,-0.06095578793850465
-0.2568044524705244,-0.07077814626185022
-0.024845963922510258,0.025626015755441652
-0.06727692447511449,0.003717468588951056
-0.30290305093286096,-0.10806721350133092
-0.3285880500366042,-0.14288166439496375
-0.13047458974636436,-0.0449457052987616
-0.32104075409477506,-0.14124226674556814
-0.06862108615521373,0.005581393740321793
-0.347060198319478,-0.17828993304458904
-0.2289648767908429,-0.05784758136144805
-0.24114822479684664,-0.04970115880266938
-0.2578926107766709,-0.0823001226943506
-0.0708551587128284,0.020536227671983875
-0.024868732559387517,0.04134368089054608
-0.3098147156197909,-0.11751356774769943
-0.3171545434496459,-0.1211765049673795
-0.1007389107262165,-0.025339575606664583
0.01480963201832999,0.11905135769514287
-0.33159955950148323,-0.2172273274076804
-0.11920020111559787,-0.02304482991599982
-0.077888387742041,0.0009279471262931828
-0.32040758623164967,-0.13210757627988887
-0.01133178613072544,0.08782338004697676
-0.3239272886669101,-0.15218566983656015
-0.1836693099482188,-0.0716833130386487
-0.012911499681570545,0.054577292037754736
-0.006623047340291899,0.06737447170603234
-0.2121937179343591,-0.04472424848800441
-0.04449340232252263,0.015144809012940573
0.008483756179549606,0.12994174804099454
-0.016645965460419992,0.056809906985105574
-0.28752512385075635,-0.11696443532007157
-0.01647647573992944,0.06486703057962596
-0.298832106870751,-0.08640029813068661
-0.1945563019759837,-0.060103313242469175
-0.28463479579544226,-0.08196688208277006
-0.2976230586947655,-0.11793555333445192
-0.010591719267931064,0.06355421798335603
-0.07789071475243002,0.006644395092903599
-0.2722964960179505,-0.05770722344238439
-0.21470719014971776,-0.027259327875043593
-0.013459319336348669,0.13289600526291614
-0.16449442424738214,-0.03698187999773855
-0.3133949853119691,-0.10962113359761357
-0.06002530098085356,0.04640228880792319
-0.15578806653557287,-0.05299795984018549
-0.1911373109087688,-0.012484268821201103
-0.033969008497125724,0.0403490901349936
-0.32348526147394996,-0.27301267604277135
-0.012147736080203198,0.08019285505076239
-0.1172221261598808,-0.03914331578267021
-0.27610018774080214,-0.07525179324522507
-0.3137109847507365,-0.12041343292076626
-0.022581091283815358,0.04615866229544329
-0.3574007509534313,-0.25453466146360565
-0.3157468998134469,-0.1439327045663828
-0.1508058713566902,-0.02352210876869415
-0.0030608460793989933,0.07191858781585307
-0.17687094790450264,-0.01696690788719327
0.00227757977217119,0.08925033290603673
-0.02247269427140072,0.04657746749402736
-0.3460302233875482,-0.18748239621476095
0.011567967444538281,0.1482966564285477
-0.3530961056902489,-0.25836165193686317
-0.046653235137694794,0.04614573257827508
-0.03060056823972152,0.027751679101756577
-0.28343525819486004,-0.06555101445103415
-0.03436004618199795,0.010323540400309084
0.019809230450877516,0.11801086629512307
-0.03969198737478341,0.015183151323185984
-0.037235019283963805,0.029127242719646725
-0.03941739693786617,0.03580179512544517
-0.21770100810326376,-0.04462433676462366
-0.1204295597753332,-0.039489345647134716
-0.2948970902864935,-0.08416776026313334
-0.01827599958179144,0.0564701450793854
-0.16511142387388986,-0.030425599417806037
-0.012403394384515987,0.0995773263354707
-0.242091235445827,-0.07122127232028919
-0.2965236817019988,-0.07422093720922923
-0.04683938671960269,0.000744118160923013
-0.053961424031340084,0.008373976639212853
-0.3289623556153293,-0.19869583000062277
-0.1323057868526479,-0.0365474147254226
-0.3104642707814092,-0.10587084729517028
-0.33277719271108974,-0.1726162639182251
-0.18937645837348902,-0.0450997265907393
-0.24022884747043044,-0.0631900509137218
-0.06512784025443819,0.043626656045243795
-0.25854689995760943,-0.07176938361267644
-0.18444886164181376,-0.06157149634194836
-0.05236234895833933,0.0196517431537489
-0.0772593142792704,0.0009224495355339979
-0.019028766267675364,0.04606756044327659
-0.00388725861422004,0.07886298833842191
-0.3292065864544141,-0.1409538512858874
-0.11223985957328544,-0.045176521234996124
-0.01098253692487805,0.054781036637398646
-0.16173251594300925,-0.039065848053830336
-0.015516795248126602,0.048027383036429394
-0.3056101844301813,-0.1185421409555749
-0.3115226717256331,-0.10419473557519553
-0.11269876566306697,-0.033330648723627065
-0.14283660588501704,-0.03394085322539758
-0.15566996942119554,-0.04708956570932288
-0.2566414792198389,-0.04291796489363914
-0.2940853647478848,-0.0683469543675844
-0.022861335526985743,0.032985092454837384
-0.29387061628510003,-0.08158980662496211
-0.29919458501629764,-0.08703974334156366
-0.041306916737072034,0.005342652690562887
-0.3238906871543097,-0.1680296098493726
0.004535847061443166,0.08513316211422844
-0.06926654085240397,0.004870824904698312
-0.30821501578400773,-0.10405356771524318
-0.2832433411391696,-0.07057586346605538
-0.3158522866646172,-0.1215066159376939
-0.3423988626031805,-0.20741810611929465
0.01364138453929073,0.1656168015190161
-0.054617181719350455,-0.00842717635901194
0.009292766177446453,0.0972233011919904
-0.3289761925773733,-0.21586212040196487
-0.3070808256286002,-0.12347828658202704
-0.19041808508035923,-0.0621722463906704
-0.013526960166442531,0.048133987024025486
-0.08628828859309977,0.001912505558191335
-0.31325043168428623,-0.11055148109243165
-0.19755075256757534,-0.03972490001762494
-0.07382688507173275,-0.005868587702541949
-0.05434471517909614,0.006799838738480557
0.01582999582244715,0.1193895948753888
-0.00888536669325593,0.0576649441166358
-0.19294840116675316,-0.012746183446004587
-0.27839261235309765,-0.08702528904464547
-0.0900772786489773,-0.019255656634410645
-0.03449001091684298,0.04652492742055149
-0.13760870888775414,-0.0028114912854247383
-0.0646990555963012,0.008823752002566354
-0.13840864208979117,0.004671963974693326
-0.17623830616758146,-0.023102134503638568
-0.1288967266601525,-0.01957620310057181
-0.0843057886981579,-0.003999549962428267
-0.10378337356368228,-0.0011349198703414776
-0.3235319004108745,-0.16404217296065776
-0.00846793963060413,0.07256826948139143
-0.0008816909223561819,0.08928290797058623
-0.24626482251870696,-0.056965130158702436
-0.09206659004740142,-0.017207897138980018
-0.18409450509096095,-0.02937518765005235
-0.0743626652684407,-0.010252200228281076
-0.20136973204792066,-0.021983183350667037
-0.04143737081370768,0.02312274095972172
-0.09208305717220831,0.00430421333701414
-0.2659996811463284,-0.05738078344162861
-0.025301522511906364,0.03671120836177028
-0.016440485756178652,0.04738629276109985
-0.166928104044736,-0.014440929231136185
-0.2332121477588805,-0.060198242573219984
0.009784103789387457,0.1488340261664685
-0.15919136790137703,-0.06024236161955585
-0.3296391692382584,-0.14136554092971215
-0.0751271215280557,0.0006309007458020766
-0.19227087768468,-0.04964040658674926
-0.19569438597484443,-0.07412377353842196
-0.29971492154795687,-0.10544194182041366
-0.1537646370830722,-0.023924655929788877
-0.2838320191370048,-0.06783379828663703
-0.1961007740669181,-0.06734723759624714
-0.052689337657776496,0.03331457650517688
-0.05126582740074423,-0.009520908991489885
-0.21157769967182202,-0.017325238818725552
0.008883727894516302,0.09672621939510867
-0.2680989341302201,-0.055054243362855776
-0.18331319082189038,-0.029262771322348138
-0.03307010300917104,0.029149285885419037
-0.0308059483329105,0.06456049070787218
-0.03292446645534141,0.026976319924069285
-0.010348089618453571,0.05534835181088583
-0.19055316119851098,-0.03795170851165713
-0.10090110519047965,0.008097901558265563
-0.15125826745116847,-0.026880710587131984
-0.19453373016846137,0.008264570872303423
-0.32849790861920714,-0.1467474999539734
-0.17655353335301374,-0.03488006422502399
-0.2410597164450885,-0.06584583382507869
0.0069877861978649425,0.10418791478061487
-0.20649791372632537,-0.0646529141362715
-0.054062726309612195,0.0047194731328916726
-0.2782952891683044,-0.09047392849831384
0.00350971804075434,0.13524504521699374
-0.24577370803469895,-0.033565205400161224
-0.0018958354746757,0.09256666241178559
-0.005462404444319308,0.09648297823037665
-0.306452888935538,-0.10397666083756979
-0.296609914746198,-0.09662258813403853
-0.23342119807895825,-0.0769704117259898
-0.013740889528624012,0.06329875329238437
-0.34456579596091524,-0.2449318419711237
-0.3028972470468838,-0.1234336116001489
-0.2569016650234179,0.005097985430072892
-0.25340516878841407,0.020970334883252506
-0.27687317701093583,-0.046438229595100355
-0.31866981701290265,-0.1837200769955452
-0.25706678917787457,-0.00430980893321528
-0.3145970381270713,-0.1585124991659926
-0.3129217680630633,-0.14400053326895454
-0.12438741791048483,-0.039820187451881615
-0.14749034817498083,-0.054708371841206166
-0.1568683971853058,-0.0043018917438273074
-0.15878693224860163,-0.03519975962050692
-0.09843372235964717,-0.03159148653181956
-0.09219163928186404,-0.05622558395561483
-0.17768417460744357,-0.04794191236902036
-0.20958217084526887,-0.03189489018316288
-0.18645847931698353,-0.02792102970480101
-0.2419535417911933,-0.06270098962117708
-0.16530829714027834,-0.054016132699708404
-0.2324531490788426,-0.04107632124118271
-0.15548258859302194,-0.023572952037920727
-0.1324428664702458,-0.04913737517917088
-0.20476158381672196,-0.03672245873056103
-0.08882077526126979,-0.012916718231037879
-0.24985644015468805,-0.044558131593257604
-0.15806193173089855,-0.043211585329285214
-0.20739518755875325,-0.05905889567372701
-0.18763770797761534,-0.06345540238719227
-0.14093262245196167,-0.04555050111903999
-0.17915363335051862,-0.0430597532086999
-0.1927157015599933,-0.03687473679713929
-0.2614352064860541,-0.017281800920948637
-0.13113329875373286,-0.034024657960702843
-0.18268716116314015,-0.0016319822584366928
-0.18574333699714343,-0.03901850622607104
-0.15535662199984185,-0.052489491338220534
-0.22192558550614305,-0.05563007373396939
-0.13918929343216072,-0.038715910896255534
-0.29331485092971205,-0.04065346390896082
-0.16466259095941774,-0.04235028853310871
-0.1876613458351776,-0.05670579029082345
-0.11904998905357778,-0.044903742488527354
-0.2738359242826251,-0.03503310236211244
-0.21900520533100432,-0.05504421729831914
-0.2807218300341244,-0.04468230652033428
-0.12943421091018723,-0.04248612543267312
-0.21676894205329447,-0.03294728944784758
-0.027756120520802365,-0.01974673697759835
-0.33843090424277916,-0.020463483016005594
-0.25222147441131326,-0.05602016609469158
-0.21991304220129393,-0.06475126910751873
-0.19955552811579322,-0.028100480431107633
-0.07418471910238432,-0.008321126443822715
-0.1460850836332935,-0.02747152257254243
-0.20131039172768633,-0.04862879763569981
-0.097323303920984,-0.04111289443795607
-0.14604786431978511,-0.021416396603164606
-0.08905718368813678,-0.009294238836687119
-0.17876682070280675,-0.037068364626595934
-0.22207815070231898,-0.055404821337183295
-0.13121707186691248,-0.028586121631826444
-0.24216273926036636,-0.010644266584386467
-0.1053031515895661,-0.03677100276158726
-0.20145245732182324,-0.051601039785630555
-0.0580727513607162,-0.059072548874340214
-0.2221007608837202,-0.0451611392233582
-0.1522786739201059,-0.04615970631603625
-0.1538760331614754,-0.03813480163122416
-0.19059896912921906,-0.021237919684486822
-0.107610420678184,-0.022607510377806863
-0.1307317388111251,-0.04811853380413069
-0.1179821240460974,-0.04107669941682854
-0.1684815795999309,-0.04993984125372128
-0.1613148565485224,-0.004004385235002989
-0.0936949069772469,-0.0260119517775271
-0.24953664925859584,-0.05726611589271621
-0.08929563123082923,-0.03432212063312206
-0.13175591418162869,-0.029361791700112768
-0.207646688116464,-0.036547858218273686
-0.1661872306030585,-0.05114481371587107
-0.13871020177680504,-0.03769755087897014
-0.14376382420054984,-0.02509918751758436
-0.06787307285767985,-0.04073937067832084
-0.26998050232294973,-0.026217956870074666
-0.19430139957114695,-0.038253411180147155
-0.1752833621086186,-0.05678037915835471
-0.2655715556963158,-0.015162683933505616
-0.16333427794005856,-0.044121137360673135
-0.18500673251971042,-0.027277285612957995
-0.08601772810172793,-0.04968821141709623
-0.16626006650831118,-0.0289279942464834
-0.16170982902497003,-0.04944115262622839
-0.23343741339311436,-0.03216589470893652
-0.14829940803886044,-0.04124163741678358
-0.23768454594130645,-0.028594147240503687
-0.09782807629942927,-0.03599234997638169
-0.2427944778948658,-0.04610259061952698
-0.09910449847763372,-0.04008921457209361
-0.2427685109441497,-0.01983414816800272
-0.20004212015730893,-0.03188178348139876
-0.1830964582215552,-0.019743363187282315
-0.2293242567625421,-0.06801206170946575
-0.20254106917534115,-0.06843617323963386
-0.15259769927418332,-0.033907411712660845
-0.1361442820586767,-0.005235346361438104
-0.11214824545008503,-0.024239382891933947
-0.17190651643276322,-0.03264596923119081
-0.20389880927172493,-0.05415042851735711
0.20767081688909597,-0.35243433347879527
-0.18796203523983257,0.24942146613905594
-0.08111427634896788,-0.1880257975715362
0.4575309690319126,0.31870141837015264
0.5303574737611856,-0.2360426133671036
0.5139995629159422,0.18298358847692708
-0.4735876963467749,-0.3702820772026771
0.15956215911207883,-0.24866724479370286
-0.4547877413199953,0.41573014386411633
-0.17397301024840914,0.5686508304739244
-0.3870154538803664,-0.06948768599495359
0.4249147866592133,0.03103946902169297
-0.2823482424732677,0.35780499033293356
-0.3284199659400825,-0.26938725376258094
0.4174136921015069,-0.3268018104672257
-0.1322882062401816,-0.2646303268058755
-0.14063381476799375,0.1405750854864911
0.4380373140234953,-0.20025976270295656
0.1524818609683264,-0.022859857251120275
0.17489857323692848,-0.1582325170853645
-0.21275903855178477,0.3788501874006908
-0.0324451917993091,0.214966814412321
0.002186194235810346,-0.3989256096452508
-0.18825443701111164,0.0966788269846065
0.16997986399387488,-0.24730432122769236
0.046842736340326416,0.5960260860286504
-0.07455839883352022,-0.1933453976397511
-0.39691806861197193,0.489011477316526
0.2392509465639936,0.08560468014116006
0.3656252888805004,0.3413313688501481
-0.19143973148968466,0.4310609803474311
-0.08193772359570604,-0.4035297077099898
-0.1470409021181912,0.324853557778057
0.5756585534330998,0.29156598277035023
-0.27285525919723974,0.0071055343378491065
0.351621787805829,-0.0041839004084818785
-0.17713136120694944,-0.22326807689606273
0.012816174935529223,0.09614872359596137
0.18297958944007908,-0.3777492202547333
-0.4539165110642582,0.3946672774783324
0.3556676662805214,0.5460479369742479
0.057526070274802485,-0.3818756007635389
-0.39122164549056637,0.5249089830098661
0.06347721197060141,0.4264494956234647
0.4146441060708208,0.04602692981318169
0.3783858767329797,-0.1599611761556043
0.2776791879066365,-0.04419739578048182
0.5130973813886616,-0.20016949723622407
-0.34264129679884664,0.5023651481410893
0.4633761105230035,0.21750057127518843
-0.4160137446871587,0.08330883216359673
-0.12645057946247998,0.3069746885135922
0.1481708847264106,0.3537038872812384
0.2262963047966603,-0.3564213458549955
0.303674599076793,0.1788269156976442
0.30466232915665603,0.5223381326879932
-0.15188396929399212,0.2002138683947554
0.5356381521611263,-0.14095109297984615
0.40659411085977676,0.5271815474641174
0.32205678037548724,0.4362001820363314
0.4867881516953048,-0.09134813307649313
0.43201002629259194,0.2124276293800537
0.051802842638545066,-0.0006663490078986367
-0.4722807324782928,-0.21073886525298413
-0.09860408621246158,0.41490364276332453
-0.12394965634322935,0.0618157666586473
0.2036961795351424,-0.15672493152571665
0.12152303806930807,-0.274903773704127
0.3725973922396509,0.30861682353792613
0.07650133129335723,0.0569742325604754
-0.12992340236824784,-0.15378235258913694
0.5276113858833683,0.1922500217473944
-0.08076396110060673,-0.1386312030552576
0.2893680680536431,0.05095146296931807
0.05062647722568347,0.3254638777047524
-0.13960230760347278,-0.331771908160105
0.0052983599428579895,-0.4987076363159917
0.2734539324951215,0.4284408506332106
-0.037403208998197275,0.3636725044249581
0.5580132811629295,-0.06266752096489892
-0.10346263601966477,0.3825833783289456
0.25141901193313243,-0.3420003343549213
-0.1652208886986184,-0.2864534284079938
-0.3887479097311954,-0.4683394139162705
0.20386715170569447,-0.22438443095154662
-0.1275929314143527,-0.22799600459166075
0.573817502819433,0.4009391031854458
0.2493838493870115,-0.3072950331892557
0.14465414523184583,-0.13755328795149885
0.3271249486885644,0.5019025823930106
0.4976479362120404,0.21858607965353613
0.048241333983604966,0.04594739207631426
0.2808091965924125,0.4679016802776189
0.1863126045428649,-0.1145103429511077
0.2951351465412103,-0.37249357060993027
-0.30285388260889645,0.5204748087309974
-0.38373480978643454,-0.33576397546250486
0.5769935506480114,0.5787970690783482
0.5346825182043093,-0.262284016606078
-0.305852570571197,0.33904995444416886
0.596787074366164,0.5107460315987116
0.2293140390279961,-0.4702967157802058
0.4964754229667285,-0.13768647430431746
-0.20868498668259086,-0.1236034399082031
0.2788434800378453,-0.12143400600440478
0.3323624303918442,0.07911045887146118
-0.36490293664566875,-0.32427550208094885
-0.12155257308234768,0.4380830642384297
-0.07134596133088578,-0.2058449894725216
0.010839744192394416,-0.002030956312099763
-0.4503724715650561,-0.27112401200004405
0.22185820812522447,0.3325575031789405
-0.17809020102320172,0.13863536127249745
0.2005726953732746,-0.2983198252546989
-0.4515158434288795,0.054955875801452995
-0.3803411582910928,0.5932103513381637
0.5898975112156788,-0.13654320507908158
0.12942204681989455,-0.126771852911579
-0.12493804038328495,-0.36939964668479036
0.32129589332642017,0.1174309431355075
-0.10347531611799966,-0.2576408026401211
0.04898722427212255,-0.4861024784387599
0.377143170244818,-0.34220888782124875
-0.4361040606772372,-0.2257617246706173
0.4609913266156758,-0.05083858560983645
0.5904053163392945,0.2609112245794756
0.006001230779150935,-0.1969625884297914
-0.08553481375953265,0.0009672317794415797
-0.2867817002519289,-0.03127763530736604
0.4410969164890061,0.12620960822603855
0.5412624534583969,-0.13449330121137498
0.10377634986623853,-0.3441789252934163
-0.1228604998604082,0.07259748239476958
0.3724932797023529,-0.21012673286405356
0.256008589141244,0.220349297037016
0.3375878452989412,-0.1929903065521424
-0.4211864379758534,0.03532983092085241
0.2884478324926705,0.30478104735646927
0.01734766964491452,0.319728271203675
0.5637119516882761,-0.4343214490218204
0.17539796832259483,-0.4302314527184563
-0.12789701153082217,-0.4947942106481746
0.5996511678273684,-0.2262606617774884
0.509292087897608,0.017330195678168514
0.2969974064063924,0.4654233464005381
0.30814435337646306,0.3939621337863843
0.5794284283906538,0.41822947467126415
-0.09273186157613715,-0.16136966534118397
-0.443322811668621,0.3270462593916982
-0.05073920798401261,0.28388783327611183
0.5307766417630564,0.13634969813202721
0.10491644826750623,-0.12587149387110594
-0.27164321829965477,-0.2268558098208747
0.03592910462597887,0.3484476448702229
-0.021635711437998802,-0.20552044009027032
0.5763305263747196,-0.3293455430120539
0.3611047740884346,0.3038992556113413
0.06667123834401234,-0.020733782993852312
0.029328611274538344,0.19887110599775654
0.35910010804110054,0.3925320387186343
-0.4537110671987981,0.4890347330006903
0.24801110614151664,0.2725251970826417
0.4339788526544396,0.31846380023054904
-0.03816868034282145,0.4491578340318395
0.3541176389416322,-0.17704308510570319
0.5233176840418777,0.008660097481624662
-0.3511979464642606,-0.23098435874364664
0.4077659254235652,-0.12938555480202926
0.06667931887251932,0.2297394792609724
0.06687531691062787,0.5676771252474961
0.22241790216281696,0.30927957267481265
0.1409387683637434,0.4385692698542393
-0.3567874888771915,0.1488151165424929
-0.013104080730124923,-0.3012899348144932
0.1240293017383437,0.05798056796957174
0.19198067083637424,-0.3109435738180345
0.011341464700912574,-0.4118355322178335
0.3674861370030029,-0.3992170429365385
-0.4566858232350644,-0.38142222874854476
0.5605957532052525,0.11976010138451056
0.2836123799690177,0.2935019743860893
-0.4277517893616027,0.5160399434916796
0.4752249775185524,0.22037419560202387
-0.32327782577560565,0.1386992186202317
-0.11255017322130623,0.2719539996327436
0.055339310243687774,0.4870464275500921
0.21921457813331724,0.004635234693783574
0.5080862835907545,-0.1356277603808642
-0.04271285691908928,0.5857505630049102
-0.25127161204561443,0.2671307129983682
0.42683322428023474,-0.28223812270008763
0.16572990618068914,0.4428804711123758
0.05957328116909455,0.3997375344608445
-0.09089411411722392,-0.2330729483398889
0.2701212581300645,0.2822885692344341
-0.10414899816861971,-0.4608078131297308
-0.2040012783148286,-0.46280614585561
0.3162911341901108,0.5124706349105912
-0.472942768308059,0.4727618402072129
-0.25305387968507487,0.4946788758286087
0.31027906742118566,-0.15321010380456454
0.4415381912440103,0.2653592791468966
0.5684776382717529,0.5552212316654128
0.4384096084913239,-0.00825109375562588
0.25118016294458434,0.3354126118393059
-0.4097874644414716,0.15492801194686756
-0.11763220449465123,0.40299054278261254
0.25731229025244845,-0.0902010917990999
0.13816061408319613,0.23838849478555976
-0.35258941340452504,-0.40904473277791975
-0.3357215223865703,-0.19244922903466094
-0.24812050319401696,-0.32893699101390805
-0.4935915339492952,0.4413676733371306
-0.1416833262544217,-0.42180563696972456
0.03575674569635668,-0.3759588514317888
-0.4378977753334016,0.4532287285801261
0.4621835445219329,-0.3936403171876002
0.28460925079673927,0.3454274186451075
-0.23793074015077434,0.4623560637976147
-0.4147097075265568,0.2064938828365672
-0.008694993522667727,0.21692645200825567
0.09045463294515764,0.4970709856870915
0.5638006264331221,-0.19498671599612044
0.11082403584700105,0.05447955739822951
0.07137574342001096,-0.31943332273806607
-0.3415579757583194,-0.2624630493935389
0.15240666451281815,-0.385197977779726
0.07800166867861902,-0.4820313226837117
0.5273640861940339,-0.28520381657720417
0.054513902808871924,-0.4055988779461902
-0.2442391229383488,0.36132248432942393
0.1908965796765979,0.5015438166541208
-0.26530396289765035,0.31256528446352794
-0.009125154285336945,0.24741829614969466
-0.3603526588901593,-0.21849105893954449
0.3896973723352477,0.1838773045400903
0.570071344162771,-0.2437622329187536
-0.14166017590815946,0.5773798716644801
0.063247929213048,0.4788772890583231
-0.2816728030279381,0.21591734681288643
-0.37083739506878727,-0.09592864745006899
0.2537412850781924,0.42114878089010377
-0.4267486124274135,-0.29551750905512386
-0.4156876170150647,-0.2332998195212605
0.5321281834185332,0.5550746407904623
-0.19138468296155123,0.4883174225354525
0.07649259673057907,-0.03051610557451606
-0.08093240845837572,-0.0754513237027481
-0.4857747336170474,-0.08651242699115386
-0.07869796302537418,-0.2676795183196267
-0.1788393265520158,-0.20208338770713566
-0.04457976898006132,-0.043615556851192956
0.11893186689690782,0.5426267417889549
0.543972707618716,0.5235575733041034
-0.08117777289197348,0.1962012567444613
-0.0822230803970667,0.12842584209689586
0.553772323762727,0.5490906888588187
0.21158447932212,0.07141051557280677
-0.058875491728065436,0.37194128227416096
-0.4466583734931823,0.32755624185920473
0.1352048348073671,-0.4912342071913476
0.25936046933768386,-0.2152824032224496
0.21354531646094754,0.5309415689387569
0.5135022240791256,-0.06640825239438304
-0.4031952938448921,0.4294704119578222
-0.07071689543640902,0.2712695482821367
0.2644322404007541,0.34515915709019407
-0.11310920308077663,0.230701360147289
0.5877076337483937,0.39080698538551695
-0.14641301897839198,0.5977731734990377
-0.30008500042928327,-0.4218304210441817
-0.4154274071263015,0.3753675635197964
0.509376187565109,0.4339509043021785
0.20801804037250424,0.3248424961003875
-0.02974813315205727,0.11376178504322608
-0.16294137408451362,-0.16060070994157563
-0.4099928574201874,-0.41805664908820556
-0.20481470323697928,0.022904407698861925
-0.28600154579715525,0.5168143782537187
-0.1840535017967168,0.24074151897517526
-0.07356220756295667,0.37169447222942414
0.010961221768063358,-0.3138194179518762
0.36899586927566325,0.4846655364307322
0.4534122846084839,-0.4382522433432244
0.3781892694963526,-0.4239565043550382
-0.2301978818282711,0.13533345444724365
0.5955306575541888,0.10749153231866072
0.43352001455149686,-0.3632567039304372
0.28431128969464825,0.2721960490694829
0.5818719991863145,0.23493903218660905
-0.3083620611564869,0.3679497245270011
0.32296619262549187,-0.13793608355302078
0.2417170073209061,0.5898436866844977
0.30111185658730955,0.25386464886699434
0.4615125454989526,0.12168368037314402
-0.13194344493261598,0.4705803666737564
0.4472283552829008,0.08499847543906425
0.2967110525161668,0.23098195429359275
0.30733506198904004,-0.4796194911581254
-0.3809062759638643,-0.0951133399121858
0.4726412737943167,-0.1716254953216269
0.39335704738463284,0.23837610137388365
0.10975638195792724,-0.4856470859142383
0.5797468674115187,0.2986988029866363
0.26150383103651237,0.4430738714682988
0.10589044892264544,0.24138819546131005
-0.00911083509242927,-0.1745007707944519
0.3678700366618528,-0.028443202990130645
0.10751319910604573,-0.0601285171138184
-0.483004421542149,0.1792790063811418
-0.4272507619698374,0.30753652308875246
-0.17374665922920254,0.188554424511711
0.5969581859301516,-0.18042989612557553
0.10891274205699507,-0.09275677631276248
0.14068790846489154,-0.24348982622153784
0.429027951958889,0.07652043681433039
0.5757324379929233,-0.2807610844690494
-0.493632170115526,-0.042617910661713214
0.3386382787259511,-0.15922482507272367
0.27099643404636814,0.5647162747590029
0.1136668446434539,0.08781290428310427
0.2435186847239138,0.5545722156604612
-0.4769756422355468,0.2805205029193547
0.4275437604559149,-0.2987018524902445
-0.24698748312379554,-0.11424998629997535
0.3149870962985961,-0.13931971531622447
0.33670098700425466,-0.32124772171237925
0.4240279581184699,-0.2921486959380594
-0.3888779021529511,-0.2456364836404331
-0.4073999432015205,0.028531941102740373
0.05380277639950071,0.23390684126119754
-0.100553599111684,0.09327764537939608
0.401310645588421,-0.17666442176771655
-0.33032144585300394,0.231907894831207
0.59624538657037,-0.03529902652006622
0.4481608993180262,0.4081140073302284
0.31468667933307426,0.4659690623173846
-0.10182849178679709,-0.4961665765818765
0.35393456509512655,0.2845246284314198
-0.007678177784771309,0.5480284501650405
-0.3453001023316925,0.3993313167364991
0.5300171458751712,0.30991022654146894
-0.4932003461534554,0.15292738168866835
0.3638087151411886,-0.39195348602725427
0.4875567647162756,0.2801831458154617
0.4331297526619581,-0.30688958064870014
0.4010710602946391,0.032299581700256486
0.4589783673327188,0.163523048802804
0.5145774371703351,0.5199187977891732
0.10451163279990404,0.304121704930565
0.5558870525091992,0.4862875484732334
0.16006041152056272,-0.2847582255859417
0.13038742870897546,-0.3212929903348199
-0.3283747929260594,0.5583963048254557
0.5917488973182903,0.19583637395656736
-0.3748968230412777,-0.03653208300139792
-0.07636396992048222,0.10932892210233724
0.4163509028817426,0.4954514654056723
-0.3247402712269164,-0.1319678038472168
-0.3158844474349558,0.06164411159149375
0.5847364247714611,0.0676725249971284
-0.21002378466788743,0.011897824295113768
0.4058876506949261,0.17546169839330447
-0.13411576881656598,0.331671131767994
-0.39520707139960953,0.4620409578120337
0.2889539767703513,0.3225122359419462
-0.11988736249016185,0.3012663826276111
-0.3303405226361669,-0.32826052508555914
-0.11838712110184935,-0.469344606453374
-0.0263514951445632,0.16769513251771495
-0.35717954512563066,-0.042069359401568696
-0.3336810600736583,-0.15974314145869017
-0.3063818806044924,-0.2553598514990548
-0.2808010876909401,-0.44397065910867106
0.10761937270940503,-0.1588356954695272
-0.18002393333379962,0.4035051042591429
-0.41307730372607937,0.4718239324487194
0.5497681818260904,0.4427857321261686
0.052330471635991804,0.08594179749893671
0.030622644754858874,0.3542061557349481
0.3828979379896624,0.18612790122774947
0.3575270407542219,-0.030908814875549306
0.3001754615053216,-0.44175111836774233
0.27717525546448185,0.4543202040042568
0.06879279877188571,0.18539457096154208
0.4873648234023039,0.19154657141989317
0.2605711514393029,-0.38795903183481917
0.12553865400308994,0.3484578189264985
0.29428723294598425,0.0972962792554707
0.1837237330766944,0.41811539870661774
0.3132038910879399,0.37209920641799155
0.2039164929373015,0.10416222803426445
0.024842779401313183,-0.38408397191450955
0.4954876977514687,0.3994642036319641
-0.15371652180120274,-0.4629865754577953
-0.0636103718530857,0.013804327492356829
0.2847415539221212,0.3019981537669837
0.5024314292719232,-0.3002957952676604
0.5382225571921189,0.19412199342208858
-0.08688887089225,-0.2092721037767481
