3.6153084153156,-3.1972648690762995
7.34259911902555,3.07342458897968
6.9223273264278,2.28491852294058
7.286405764929791,-1.3554388087716698
11.308288818573502,2.74857553108047
-0.347353489460256,-1.577243941708
7.228731039678731,1.24410212033539
7.21956519419428,-0.985519717704251
6.5432169759175,5.31971589578269
7.14467201440867,-2.9653287671496202
10.2651017574281,-2.11776543218198
7.0594247165022805,-2.24378991274892
6.60434306059027,-1.99590838668047
8.080707923151389,0.321705104264292
0.274198479754035,2.10836204675384
10.4306924902696,-1.4341856629415402
3.71514234817999,-2.68998301342105
-0.0309558552883608,0.837964809848928
3.30952163035299,-4.31651040165169
9.885777715743881,4.88292274962583
7.11531682024973,-4.27855401876046
7.150656825859199,-5.10473940798122
6.305258238005919,3.42116047538541
10.6048164165305,-3.0657840518699904
7.74188974436904,-2.81668775911749
7.7966849756918295,1.94468932119447
7.938932010526099,0.6881864871254011
6.53924197856521,3.79550530563999
3.7176444744538397,-1.8892885817971998
-0.48092831706506395,2.67103523011878
11.05813642912,1.53742498341423
7.32989594977466,-2.3778349522730498
7.12176635938015,-1.6983279986879098
7.827587907871,2.9083031871277796
-0.10898745732914801,1.23597163433306
6.956642932509039,-3.6912927762715095
6.189070870437889,1.5302937846854698
0.55496014485682,0.912472806359625
3.39297938000731,-3.4447819783369904
-0.5927400422986551,-0.7090848061479549
-0.245278721850334,-2.67754857446994
7.51012650608221,-0.994637274602559
7.240312799937611,4.1993500686375205
6.77340108500258,-0.21058267291607605
0.722275429211674,2.03511727390418
-0.42485217301679107,3.36887141618823
9.964126540920098,-4.07057053489039
6.95127437494719,4.35845184687445
4.698726240024881,-1.76332419991839
6.40153239390566,5.2860627103286
-0.152981331869958,0.64860868832276
6.0191462005573495,2.30552229564533
7.0399369093370305,-1.72985677263432
-0.173771299698867,-2.10502655867747
7.13981393121588,-0.32711252750769604
-0.370668048136414,1.02026509375733
-0.833970968294068,0.423960866744584
6.71229117936442,1.1051319855997699
6.52416022849143,2.8444779076554303
7.537472538636191,3.17299251282892
7.0733542420725,-2.3052510810454803
-0.0694456812195223,0.0493499656522799
7.15919513020401,-4.3105303309733305
2.7807466775427403,-3.5584569123481296
6.43769816437088,1.98676289080392
7.04563369174412,-0.30004187681642497
6.45075499645494,-5.06562742377474
6.600243023211731,3.30769559830825
7.39208543954717,-2.60467214181367
7.015763002297,-6.0560659772472505
6.952256204777499,-0.0119668330499511
7.37114851209326,-5.9822363619918
6.617696993123221,2.17402860794328
-0.280237823276106,4.39762069776744
7.59580063425516,6.580770207192759
0.631592588044745,0.380460631384914
7.84379474147285,7.2734674234845995
7.13813727827167,1.27439934716707
9.74233792796752,-3.50386693303702
10.4736002992388,-1.89316257933355
11.4343277501669,-4.12067849929142
7.522652831981651,1.22383858874489
7.1355333783752695,-0.9871164912650059
6.577708285732019,1.6743098818463302
0.32218827425941604,-0.531303250556445
11.1876376523562,-2.8079996288610696
10.8282567052897,3.81981251228354
7.82677361733887,4.59727086487752
7.874623681570901,-1.03402759176019
-0.131098744701234,1.91801075557565
-0.0225138624044601,0.6623583459179639
6.4151923697929405,-1.05358868866962
3.3369280537473305,-2.92783324758524
7.5271611359876704,-2.20973469681562
10.646339559208501,-4.03116449189746
0.38452112050045506,-3.98549697737716
8.24399893861073,-0.300349577678073
0.512785684848349,-0.8931144328544441
10.417773455859901,3.19124485503781
7.37404058124692,0.883060165310904
6.860463914606349,-0.211130764763483
4.10500525522013,-2.89892084860472
5.96075536556999,-6.59676976255112
7.74096700793844,-2.05807200027916
6.47915557050525,1.82079040848447
8.20810368657416,-2.62434413158106
10.737696215882599,4.569778969605831
7.001345830615059,-0.20629692691153304
7.47058290336208,9.552133422198981
0.0528380970744717,-0.21134266800754897
7.0274559849198095,0.650809032433152
4.04238754493032,-2.64114427690685
-0.23332767681160896,-2.71968140764279
6.48979970465803,4.733555936380441
6.06988621289079,3.9157846090430497
0.30398216111251697,1.51354952759192
7.86931688345312,-2.5575770109435094
6.75275956225829,1.84176889258106
6.89927092651425,1.7758380101916298
5.6991501648711695,2.47544918330485
7.07205233123109,1.94504205367225
2.6818103659704904,-3.55721548194161
4.1178467311500695,-3.20224085511028
-0.10769025382084699,4.83354670757642
3.95738663542782,-2.61857417054865
7.5580683077452,0.115570797226036
-0.5120643953024571,1.82278258359193
-0.24551558302826798,1.6900260081348701
0.459498304530383,4.07514803648087
6.701334954318599,1.86722934865834
6.997969673281831,0.146666672037859
6.61525753855486,2.1890675740561103
6.9029237953397695,-2.0373368113736
8.2765130567303,-0.513337956794576
6.19298027169044,1.11873478562624
10.8683427656252,3.96405997020928
7.0981390227362295,2.54352830668043
10.0043015937345,-2.19494690637781
6.3432745417408,-0.18576797285864896
6.3230828321387005,-3.06895152644383
3.85635166262214,-1.8347466100537397
6.80148473983608,-1.8747851626257601
-0.6325306173032671,-1.18923453491902
-0.7219465804859,-0.20376651143044502
6.63961318408994,1.97941313067816
11.0545093777334,3.5661006501767405
-0.531663066985596,0.0691021342677021
0.29230687481803497,1.2615082313011299
-0.118139784470548,0.9522665566052579
6.98515301447508,0.912126105084408
10.0427014635862,-2.8481676696449196
7.19892110440017,-2.87151141372687
3.4471079161751197,-5.80977467896054
6.905076681161231,-2.2750362522496403
-0.18533001589620496,0.7720531366993522
10.5535944082835,-3.1497897197934
7.12512391067417,2.57035642133433
-0.524588503333033,1.3023865631753402
6.66074842729078,1.4709079280162
6.955534716274671,-0.22851201464154
6.85295233642194,4.02492088498162
3.32576377552219,-2.4212776253835497
6.87755811045374,2.51465816183547
4.35615248865964,-2.32674613664516
6.125813859998409,2.00484785680054
10.481021186472699,5.3811003308495
7.03212177831502,-2.3492927871356897
-0.6300776223790561,0.5475329820730961
6.98333482886204,-2.80970710240738
-0.655400766663986,-1.14712054153657
6.90205537558509,0.222015635054881
-1.02662361077026,0.754775946047859
10.2030677187775,4.64346864051953
6.770804930453809,-1.7461797537461101
6.70350131717234,-0.21746072985587697
8.1873673575477,4.21405288364269
4.06250137291409,-2.9204980046716
6.501580508811001,-1.4037779217756599
6.328878437358281,-4.75384993377352
7.2016451656103495,-4.7672690824362896
7.54230850433546,0.6828448198202629
3.1407668893403704,-1.8853514546380201
7.1381577660679,-2.83217307494954
0.107222654790801,-1.2940912626365402
6.86958387808304,4.18398939662573
6.802101024855549,0.870103163296712
-0.24964600858612998,0.692207239107213
6.6534526929947,2.55457404451855
6.92936912135874,5.55171511083187
6.82001244102847,4.11915613495197
10.403719894479,-3.70150523684066
3.50556459361044,-2.86090214283823
6.32444980714833,3.05627391702677
6.96236840117564,2.04548907121023
8.149809680577219,2.1886810828730803
6.30597547619897,0.8995957504084341
6.77453267647167,2.45888441251123
6.15394923956546,-0.937631606991307
-0.39245223472853796,-4.02842099584144
6.2297787973549905,-2.27253048208755
-0.24189031285437196,-1.8908176622477901
6.25065087273662,-2.90109570800674
6.9179549979326,0.33486149459163106
7.384526147497799,-3.5567749471060197
3.51022535426252,-3.3164158681969904
6.40735559470639,1.7357678748255403
9.79071652858219,-2.45949733908492
10.5475663522277,5.60421218162388
11.3952121041215,-2.53880754578821
6.462896695234821,-3.32498373545448
7.2666296813768305,1.4055753675904399
7.57895523328432,2.74247620178316
1.05005447026284,-1.9480191656081798
6.99100987971167,-2.70629402561839
0.447562830522511,0.42907765325843295
7.40670018703953,-1.45295726269699
2.8794777515957497,-3.27324810681193
3.3861579675522298,-2.97389977467376
7.811810603840111,1.2254655145204498
7.65891044185574,4.74129551095776
0.0472917640867857,1.76850164005642
7.0780778536376605,2.54908767324783
7.166684985077589,4.47955452188315
7.184371029005599,0.220795827023608
0.344320127050045,-2.63403226461048
3.8704500056371405,-2.46701071317352
7.423218142789849,4.18594031683823
6.33612226219794,-0.0302930158573833
7.74391891593902,3.37700281566226
7.29491796147938,0.922170228487
7.720730878027519,-0.40841061655489297
6.93391243357163,1.88120622934495
7.983124007727821,-0.19788283905739001
-0.19023550050619098,-1.5630729741095
1.0642259495080901,1.65075972551848
2.95360639544925,-4.18620658531375
0.22575202653960702,-2.37686807029596
6.9512937507486905,-4.3006865397324106
0.128441854578265,-1.50537793643548
7.267568980248099,3.97772502779774
7.43182421707888,1.5308197534182901
7.31101661793553,-0.9315303473600199
-0.808941354144582,-3.4534607982286603
7.562535946139,2.47737249499551
3.83534798436697,-4.5091665373287
10.2145480568348,4.5057001319306
3.93598247703937,-3.833843580535
7.00142802381111,1.4350984433820901
7.09437655466492,2.3533147358400197
6.191113117309389,-0.8396471914275541
6.8754046611223,-0.489386969655644
-0.757333826890876,0.11203346654992402
7.22214352570578,0.389896548058087
7.0348831154501505,-0.6055141341300129
7.314855873346361,0.290712701103164
6.96218745961008,-3.65943009455071
-0.19011326014388102,2.4733500928331402
7.11681680704493,4.003150756004859
7.15006578344069,1.27804308784649
6.27057529278095,-0.0107409251993426
6.4417917940332305,3.17172063812904
6.56698112766394,2.3042439140767796
6.15406879255797,1.3208968258962301
6.68771626319095,3.88483738701091
5.7253286126247795,3.36106508527832
7.102780604224991,1.0465049105297801
3.4386456695113097,-2.7944024955166102
3.22236082434337,-3.18430886884238
0.200385725297026,2.46495175697068
6.66225885420396,-1.36093912217104
7.807772661603599,-2.5890127380236296
0.035254195712287995,1.0863881184641802
-0.561554291601675,3.80472364335785
-0.12334593923118699,-1.8770774072137901
9.87754118883434,-2.87832969803315
7.360610403556451,1.8945693833424802
7.412961450823751,1.73500482140836
7.23204561692619,0.49360235281675396
-0.201442417649538,-0.201949770657617
6.3906440918549094,2.28392968618174
6.166035977110339,2.6490069330517403
-0.110243280909375,0.23628902209336103
3.5826605106210296,-2.13584751377411
0.954551784608742,1.73155880866898
11.056681358678501,5.26103493646465
3.4000550859492797,-4.19736350236541
6.07576361233117,-0.230597695302043
7.72283112055058,1.5254543748151397
0.439066743766521,-1.47705540947915
10.3554883647687,1.8373918544320198
10.331159679666301,4.92338003833084
-0.251161726554651,-0.9797409062769491
1.08447798266926,-2.2746072413314904
6.90411259544503,-0.3376786545075481
7.166310865735201,2.55556920987802
6.9146801908806905,0.24906647290790498
7.91426522906768,3.8372177496280004
-0.16660369183471,0.0943088655230545
0.107970784371986,-3.0658040057812
7.75619771341623,-2.31450432330268
10.626863154842,-5.04447707255807
0.8575324934416411,-0.952493789231157
7.483929604973531,3.18905336788423
7.2624571396596505,-5.80333221219615
10.9762782623138,4.08724420660524
6.961230516604401,0.5148945207736211
-0.31395303801968605,-1.1549360021191102
0.0646438675804731,-0.8286798958377192
4.36213111957823,-2.41326466090737
6.98173138889763,0.877676054838545
11.1845499230993,3.1828250344318905
3.38032421643094,-2.6795976856833903
6.68451606666973,0.629357671293582
6.96443663313955,-0.7172032783641191
3.8782032192727405,-5.07075107054196
5.944395813369731,-3.95737717252953
6.056837420633731,-5.9746145281290595
7.050459929506429,-3.50761986458691
3.3251228803943698,-3.8959478227565003
6.77703248639392,-2.61173173578276
7.40941406826589,0.34659631277867897
0.0326465167626576,-3.30209779137637
7.20638474859702,2.77663829549734
10.4699933733334,-2.38274969727794
10.372245448726302,-1.9662503235488897
-0.236395703863967,-2.56943144463559
7.45175821318084,-4.26065847500079
9.45318027502054,-1.57654087134975
-0.447681678988771,-1.6589552232490399
6.95854002883039,5.70662931419791
7.05359520350808,-2.87354817645201
6.522775532406089,-0.0412602494261998
6.69774338483294,0.33739143765570195
11.4414198961932,-4.03480801098526
0.155240374721569,0.288951409421393
3.6865023279024602,-4.507757317536679
6.605518390944389,0.46978597005044803
7.690257264157269,-0.999362703671846
9.961801652530811,-3.03357177183752
7.2155494640575,-0.8388897209417979
3.6500192726028997,-4.42056550469574
0.22410488931471303,-0.266301928657889
2.9550040637943797,-3.2858454235913803
-0.325974950847729,1.3674910437014198
4.487709527009541,-2.03873584819032
2.67472672828745,-3.0951474508492898
7.3248959335767605,-4.55896198483154
3.2931617432039397,-3.6164358428735297
0.11769328614242801,-0.121643909320148
7.051819002114151,-3.53855588742467
10.273001149680699,5.41023922112458
10.246372782959199,4.82957397932112
4.16410734801849,-4.18155922705569
0.574403809225547,0.336130767769315
6.75353128791901,-0.47067585911720095
6.590665111240099,-4.330478666806259
6.98580247262547,-0.345665128265849
11.164387350474,-2.5500632128537997
-0.5479981335373321,-1.17896207703
6.9451448394118795,1.8687163870115802
-0.6103588561272679,0.149102354347469
9.559284264862221,3.47306467862268
8.152530991022848,3.9632078016645496
0.149113795770358,-0.419586342457017
6.776520345519001,2.7142766810859307
7.56552732592301,2.62828832878774
7.028107424691419,-0.625710487246945
-0.22283098504997897,-0.108056250170881
3.4535294907602596,-3.1318027930411803
4.05513854831941,-3.05129788612536
4.13613338973426,-3.2759451684255403
7.13018074536828,-0.842028839141377
6.656592173778651,-6.505253242041019
6.832830973915111,0.621515922653787
6.95501240149217,0.643438125855219
6.77111973337975,1.0234736052656301
7.29499133968366,3.28998489931066
6.81402756241825,-2.09449990386022
6.488826335712369,3.3341412210740695
6.866146789221459,0.62244122206637
7.395192671944111,0.48083261997953297
6.22611172818121,-2.59082685184091
7.07181161733137,-3.9581559400326096
8.97606955510064,-3.13337038872289
10.994851104064699,4.03452767132152
7.171444196448669,-4.754973804629599
-0.300129793573563,0.133401741860366
-0.8007680867872969,-0.10396381236179801
0.389982559168159,-1.3295388705481201
11.2250639756652,5.764545996575491
7.11555746720908,-0.15515463868465
0.393869423737589,2.02988634548732
7.28414431038854,-3.86614870605038
7.210287094349071,-2.4194479671091402
0.684301142007229,0.180993294278442
0.0588232985500629,0.474860544982052
-0.7303200354624109,-2.72807490416475
0.12665925699737698,-0.751205743339547
7.97536050320058,1.88689497755952
7.19418258140968,0.9744759400462399
9.91215090798792,3.7014171148485
0.46113373393986895,-0.7775597281434872
7.769215099448401,3.15510381052612
7.230295674739049,2.3630301760777
0.300354411836209,-1.54828985921081
3.56315792922944,-3.69842066759439
7.4949858043135595,0.9091370856763521
10.936834339803,-2.8354812914941605
0.318284837016924,0.756335544417014
10.005233898855598,-2.7998531247252405
-0.140197667585123,0.66780588499845
7.39880032879476,-3.7865836481687998
10.957482659157,2.0600598452097403
3.8299513190713,-2.29583271607028
7.2099758019071105,-0.598857151658827
7.819525954375781,-1.29498330114578
7.2698953027681394,2.2238321315142002
6.673110087619951,-1.06310765974028
3.40474159897855,-2.39462933106967
0.0553413579725599,-1.03212766188956
3.7592518829441204,-4.08758071407693
6.85011875167686,-3.9599895794607205
3.88943001489177,-3.2262219814424102
-0.504188304138504,0.23327456716541298
7.0008418442421,-1.1719057544244198
3.5824204339592303,-4.94151837604062
6.86386623279082,1.65382263440367
-0.43275643132668706,-2.11003408520536
7.16571719911394,-0.0653836198826572
7.61048185417441,1.6717372391368202
6.75866158910185,1.6463248813328502
7.04829291704122,1.27093513671677
-0.0597263033153293,-1.7864151401099098
6.8237734003860195,3.45134755914275
6.4303996800133,-1.47421590062821
3.85642116001556,-4.03895644030703
7.427601102532099,-3.4433122513777596
3.27483068803764,-2.44995603878586
7.5182740049706105,1.60844692735717
-0.34400430823367895,1.6992860912667098
9.949459129140381,-1.4758571898211899
7.281020695049531,-3.2209289722534797
6.0285217932090305,-2.08024398982855
6.781585011543441,1.83625038270021
8.22903024593264,0.496372258471315
6.44925828053063,-0.43383321040655204
7.44967702660155,-2.24003682313877
10.713933243804801,4.13629519921016
10.3442627272719,3.5302123658449
6.24196618842445,-4.20236230198719
2.96128967344401,-2.19908566042694
-0.18621937805191502,-0.0660723185519835
5.74604109890137,4.0278717600182405
0.418893522247262,-1.4091929273601398
6.02089741267154,-3.60260798462231
6.9187890287602904,-1.95832318784106
7.47768281986521,1.263441519112
6.07221417304098,-0.28848960323990097
6.92085298565003,-0.00115394614807051
0.75823530221477,-0.17713022427776803
6.633573096851441,1.19508814688581
-0.162342955745417,-4.31529267003055
3.48557922353584,-2.24893869739368
0.502869262231128,1.36861885883293
2.16953860076716,-4.45897072853692
-0.32035300415268797,-2.5172972561203397
-0.5132104501533901,2.49982914193843
3.7760788571092796,-1.1400891384568401
11.1383008093729,-2.43160146913047
7.3237566789888,2.7253430963767498
7.443374518548031,-0.115370381128015
7.304389505867309,1.77318572823452
-0.17482519397677698,0.34945279396368295
6.90693965031325,3.8739699133742405
11.015961278263,4.4350904592483404
0.37702689259226096,-0.87129093938381
7.242049693976259,-6.74607020044967
10.7243035488534,4.87825041618485
10.226186191389,3.4845888002546297
3.5909235963099198,-3.12714860682566
0.49675192798106,2.33676774613819
10.9496778379284,5.02817404739542
10.6296089746072,-3.7432561414292502
7.178141672431019,-2.24917736055657
7.2418087669191396,-0.9211096757841851
6.2173591174847305,-1.5105758608028301
-0.021435228645658,-0.687834468256919
6.70405394889359,2.5494199425335697
0.0188941995855394,-1.99356148441504
7.07867667360808,0.20770943355905
6.385506911223089,-1.7509183216802702
-0.5690684685059739,1.76930099795384
0.0423686460985982,-2.27117694074869
6.86077298751821,2.8296734051586605
7.548304235860701,0.79141804081415
6.79299206847885,-0.45062812250309797
10.9268078333915,5.377675846806
6.45022452914862,3.88627737249392
3.57584025225466,-1.629996006029
7.95252179245435,-2.4702558413286697
11.072131353980902,5.02320175527412
-0.7308777924979499,0.198655188175655
0.259703601971731,-0.704092913165234
-0.147535741496136,-0.180639187931703
6.961163399694719,2.15004996281648
6.48722887575144,-2.24822533338954
3.63391750766584,-2.78384745819877
-0.30558295834021004,-2.52136575763755
6.741008784916089,1.1554644710617
-0.21124841616981196,3.03843542277636
11.337786077913401,4.888073700912059
6.4809344801564,-0.446449084079604
7.155115128030451,-2.94711190781356
7.889551333425731,0.207705979637209
9.85399546161834,3.66129801633569
7.255735377349059,1.3008611694265602
6.4707047320257995,6.643395958020379
3.06346449979127,-2.49587374540839
-0.36444561464557,1.41517670767118
7.3581658097495595,-3.15321967854467
7.2288934789724895,0.7142144746881421
6.9073989152995,1.32739431643691
6.971972026906871,-0.6115694141774879
-0.277920567377037,-1.9850143007840702
0.9986066923739829,3.0078012180090696
3.9585874588205,-1.34808460837684
7.56969814585471,3.89714990005077
7.394729926395089,-0.8721479677226109
10.3200088796587,-3.2104245836434706
7.155225040270821,4.10805506400908
6.83472764994002,3.5912329912382503
3.8575892035555297,-2.75017528007344
-0.208428794080216,1.63531889274818
6.02817454933801,-0.492812496291466
6.44005013930119,-1.7275787037380799
7.44919812034147,-0.9478107937271941
7.07835149368786,1.50079761725486
6.986326516793129,2.4018670695293
7.60729439724128,-5.10889450543631
7.6997880927014695,-5.474692752535
4.3134406070973395,-2.41700859431994
6.8393375789158,4.31928377510923
7.17779380581419,-1.5021572938949201
-0.11785017955023801,0.041967172708475005
3.53257696628965,-3.3017466638663797
7.53054762663087,0.605512416866309
7.11316247119053,-1.46859861363724
6.16443647067888,2.06209233984455
7.0935255732770095,1.60872845507408
0.565668606707088,-4.10444564086746
6.65334773603467,-2.3328643286115
-1.15458443782041,1.92505593696854
7.4678018418898,1.2429244923248701
7.23745585701703,-0.327951369559293
6.48818820556014,0.8469306436364008
3.18262586754555,-1.9732149439250999
7.197647935006749,-3.56245822801585
7.520311576457259,5.918110702012349
7.699286003168731,-1.77305149336285
7.1855739798798295,0.503822942209377
0.24892523911461997,-0.882326433810571
6.63589044440436,1.85955022370608
6.157041772730629,-1.9059692316536798
0.0265021133652521,-3.51305479111527
3.7676994204340803,-4.03968035270204
6.838626819087451,-5.55507518865446
0.020616460996470003,-1.44320888087203
6.69823437610583,6.016719822901879
10.233532631338301,3.33334561987782
4.14704195307279,-2.159460173039
7.09471311875741,3.48386776721609
3.68205734367753,-1.81881910856148
7.07320858933398,-0.33858971828692497
6.57318815163638,-5.33597744623184
6.5754694324916505,0.48367905397859706
7.45221773222485,-0.41500898562998495
6.95428286222493,-0.9595133752222049
6.58290588420781,-1.07680968175404
8.043358717246571,-4.70527386226491
6.175752590809361,-0.0244564569766055
3.65702883175313,-3.1023465135206
3.3524210995582098,-3.62957874268601
3.35925894248052,-4.45646591707643
7.88495205494468,-6.43469107282698
7.13345912543653,-0.551574931638158
7.459170585510821,-1.57002504805209
-0.16296579276561302,-0.4381007578669521
3.2305954200112,-2.8498798688118603
6.39577863977847,1.08107171363954
8.19146334761516,4.27296932900629
1.6205199674711999,2.0493464696366996
0.350677950781843,-2.47254623776659
7.02788238730626,-0.33717588401222304
0.276958826768794,-0.365850776745455
0.0766865589182576,-1.43443632314802
6.5859128648016,0.352378753880964
6.88751936447794,4.29902253246958
10.389657826374401,-4.0908687618026205
10.3102921009095,-2.82909367665096
7.87587857487772,-4.638265782735719
7.37040726186295,-1.6458820833099699
8.160430111997242,2.7092282578637006
6.9418487414207,-2.30396871927835
0.6803262242650041,4.004965460585661
-0.0142733776743515,-1.12375272709957
7.2788654910273,1.57623734479907
6.975715823621861,4.09401834442062
3.7273846344913197,-3.4686997797820895
1.09366649650829,3.7337036894137206
10.49709114306,5.043891348309031
10.5447566138814,-3.01072448465932
6.894632909654111,-0.821887124325548
0.230458102994601,-1.57720567570049
7.138436229430809,-1.43558463135092
6.39302776488025,-0.104226184593895
10.951438207249598,4.00545772658802
10.911805451310999,-2.4907938863462
6.889336923416559,1.18069911898444
7.31806201759107,4.737436685424269
6.91853664465077,-0.850215944946887
6.893346428383469,6.8523494407848
7.303065130717799,0.837482450818893
2.17842552398551,-3.73479925192128
-0.475809283632508,-0.874319066360798
0.179906913528682,0.48737485919818396
-0.35520328184965,-1.4304843744455902
7.506417167922129,-3.31554818747248
10.3048129589966,4.62535152086663
10.999145011526101,-3.6562431284170596
6.55423921282285,-2.22207156657046
10.8769581709416,-3.03459350579904
7.508624624542309,-3.4098785633330095
7.44058940446272,5.86100363969411
7.14193945317618,-5.591000947486809
7.06035966464352,-2.50768216018079
0.0619271219223069,-0.227279791012281
4.02331442355577,-3.7822018456194
-0.625635680812472,1.6914630803785902
7.5082276088510795,-2.37182335716809
7.63828934073383,1.27806146003701
7.23851861914235,1.33893904991429
6.51400289426203,1.26565407982106
7.281133672701531,-0.43928246354376205
6.49731120920329,1.7210253247891298
7.49105650126132,-2.11896447716467
-0.187290428883507,5.142916291733281
7.2345159779777095,3.38743318692488
10.298144841018999,-4.2163473078919
11.3382611559741,3.4905965445777403
6.38853691031704,4.725923120512451
9.93298937762248,-2.51726099182417
4.31678421070415,-2.5897249035095804
6.738691651402039,3.2673360327577203
0.350892167687355,1.24837494404131
7.1911525712731805,0.37510165099533
3.7461142850322204,-3.09736926751308
3.6432122098144104,-3.1082800912344903
6.49294291366926,-3.2583547218340496
-0.473737307092401,2.43621722065162
7.92163312728891,-1.65561123981838
6.89437654068392,-0.885323492117802
6.468251046808981,-1.33124793559957
6.23534473440979,-1.9127062952413503
0.25843102215680497,1.71384602179864
7.35580096124312,-2.17831489470346
-0.983308578314819,-1.44613193987975
6.073691587879139,-2.10541330061583
6.67162853731946,-2.9566173376868905
6.36904976856547,2.04694573541254
7.49318292994773,1.08705647290663
7.684066324014309,-2.0848104757046797
6.70879916269737,-1.85884515812206
6.3176452710065405,1.8907194889619399
-0.535895613237789,4.5861579476621905
7.10314702242155,-2.24900575225109
7.1103556454853205,2.60637981073246
10.262192487894401,2.24869791690518
7.30822785817572,2.2598851435472302
7.52028672785969,6.381640657480579
7.33220793184704,-2.35243201452794
6.620300941350559,-0.655781450568595
0.28149476661024003,0.8228598412314608
6.03742737408144,-0.34907531963098304
2.38750615175629,-3.6085571783162202
6.29398710367085,0.251792038545099
7.33788120773712,2.30402314115164
11.311329897878402,-1.9494071558841202
2.83852444362239,-3.7817397115320803
7.02736826252871,-0.8704773594170021
6.63474516359609,-1.53048132427233
-0.34342642594676304,3.30181493467338
7.14279479012128,-0.35187214414454604
7.59359340532578,6.19411285243003
0.626907460534963,-2.03118515720709
6.839053706908599,-0.0229106112599158
2.47383150804902,-0.569773347655492
7.1566143859971705,-3.27990229191993
6.3912000061182,2.8714928225774403
0.548419506574674,0.442038937122004
6.994477085095309,-8.08598810737355
6.636308235456231,-0.13070845743443998
2.8209604703146898,-4.15591652508367
3.25750620171884,-3.5269251761256
0.18448226369254297,-0.922076677768708
0.151764320702129,3.09516211796754
-0.128046096099124,1.3216405955796
6.480022478116901,-0.9217716989659179
6.28944577624776,2.28795343897911
7.39490896091025,10.1711124638146
0.19264020056316503,1.4729919295468799
5.8754744548338,-1.95153785632359
11.739372900678502,3.17345277436321
0.9219310026161041,-1.04582475262684
7.57646811277931,1.0630565893480601
7.18250937571652,2.00625419831839
3.46322199043176,-3.6018928459850197
-0.11508874474163999,2.62482595286702
7.32091501382581,-6.493641255986919
10.9497723766605,-3.93135602482074
6.81582371243675,3.67368093622248
3.3046575106805096,-1.5159690684437201
6.8563296000796505,-4.46377856207476
11.210287652439598,3.3326579038235895
4.2152011705940895,-2.15509575859193
7.07122921602289,0.33002737031916807
6.4554274045577404,2.74425672300827
0.34395838648791405,-1.14370011579113
8.3424294996134,4.37989783420736
9.93327002011484,-3.04335276849375
7.707638174959571,-4.07399349286045
10.3124146234696,-1.06024400806284
6.66869636214959,-5.2230660520019105
6.504746184766719,-1.49880056944774
6.893575860676741,-1.28158915901461
6.27458784325468,0.519314620478864
10.570637990222801,-0.634944467997189
7.023366763759,1.90275076112073
7.19719742399029,1.96048729708283
7.91109441091771,2.18783290262897
12.1452587216593,5.01253719377392
0.48848669334281,-4.93179638752005
7.12052296625061,1.35585635020996
7.027276622905999,-3.3376359598652594
6.34088963627046,-4.09449509164295
6.958956548112139,-1.7612568473365802
7.1137713642844105,-0.827671424251533
5.981158752779599,-0.35906899239934204
0.612040898719731,0.23849047285516797
5.89468344471219,1.95233508946105
8.41611301195775,-4.67356471161694
-0.103958639009799,-1.00439743668572
10.716838010298302,-2.7229887483399904
10.208735613001501,2.34674443676513
0.16610128947505898,-0.8545585744108571
10.2221735550304,-4.06800486773328
6.69350612255257,2.9804399463666402
6.93980308768875,-3.00677962113196
0.0389804247818554,1.2659214260629
7.281933695152941,-3.31125640799649
6.12446624030196,2.5128898026950095
3.68921195181842,-3.5063335421892403
7.53525801838917,2.6777131789112203
10.050989398266301,2.65704248932033
8.00334034541594,-5.977757313717429
7.14954345166808,-1.3156903861764901
6.278982676820769,-5.18136310993559
7.11427848663109,0.622485422155421
-0.112885492829634,3.19701754229165
-0.0985879471742761,2.7571402739184805
0.16589098195784802,0.26807729073692704
3.5606591887453902,-2.50134195617008
7.77330457711205,-6.016373454708741
2.91567428778782,-3.9936985910987097
8.398695573479051,-0.7147460877084799
6.9869906826129995,-2.4170942448337502
7.1036905786926505,-1.9572130994980002
-0.643515238017589,-0.359812462095081
6.42191630287007,2.65533736517303
6.03074764927331,-0.170911601409996
0.7663053130925951,-2.70180537206142
6.547892487189679,3.3239851229387902
6.918758434048571,-1.5708800936584801
7.10697898982113,1.1582533145532399
-0.142386503525504,0.349605400322511
6.47916335285534,1.25874911788908
3.1774430215701,-2.1336338678872298
7.22728890452887,-2.35870775998414
0.779354157074562,-0.530290113392706
-0.0356540430617993,0.0145801806337976
6.89274774230011,-1.36174120014357
6.77099096595153,-0.922670728789078
6.67099489602526,-0.9648182096638821
-0.0277809827622697,-1.20301341601356
6.73638287138304,1.39138842470339
6.741620275128129,3.5512377368395196
-0.6326981757841321,2.9921213396926998
8.287724881861699,0.19520405847657896
3.7194093503572296,-4.19862235906875
3.82662883973569,-2.11753483560341
8.34585700162306,0.549143909831806
11.2992437741624,-2.74344051904475
-0.28767348130419607,2.60235198440117
6.502100637574331,-2.46296009135999
7.214166019735769,0.4912842205396721
-0.843346655371207,0.11949987476920099
0.119365867555721,2.29052622076071
6.79270563681816,3.50546492624869
0.6039809991524949,-0.35810318876039704
7.49513112302212,2.4183266051250802
0.18981974137994098,-1.04223463510504
4.20202513385709,-2.53503200921415
9.96066056866382,-3.0178636211101
7.83299544999371,1.43134273613064
10.415946238945,-2.56553170186717
7.62321195433082,-3.54839852034743
6.43155344415443,2.9671737605891697
-0.31251963392462795,-0.727314594190505
7.758245300845981,-0.642634602549231
6.70946630971675,-2.49032572298097
2.99718187024458,-2.8720070343158706
7.18732178400249,1.1612493587291899
9.69958000181236,3.55176581073448
4.3897514548875805,-2.03273273983209
-0.786072079572744,3.34210965772588
-0.7743764021151109,2.16159899230303
6.5120366535890595,-3.45366400483078
6.95165696339665,-1.26668100956886
7.257115060115349,0.5771089402327378
0.0906517398745751,0.856333529941011
-0.017033626869232002,-0.9279744859320301
0.526355732789666,-0.41059851493639904
7.292352630120679,-3.89619598453938
0.217590745416901,3.2816923319549702
-0.265453261085151,-3.50647471828454
6.82454108640346,-4.4874804419464205
7.393566807161349,0.00229255908754205
0.00288209294994347,-3.33495019517133
7.49302911053012,-5.39439766912478
3.50962963731269,-1.05414878226856
6.41165392112514,-6.94120732169825
7.23524636597691,-3.1076786532669
6.64949819387336,-3.6672101477309704
7.1248628679926,1.09834314879516
3.2128027239078096,-3.7835157890130495
0.213232110738407,3.9105879309849305
9.45259268283989,4.35282640641775
7.332579937872981,-1.78253292487266
1.02504234281357,0.178414446146589
6.95318160304448,0.804308609993355
-0.229182666355553,-3.5805624745281204
7.5245433132796595,-0.0205389095179953
7.41720078387852,-6.5223739476879405
6.918357533885349,-3.504274866352
-0.35460038129119603,-2.79054869959894
7.270642071741179,1.91806947591155
7.08909509420901,-0.572110297934571
7.14979684236978,2.14454506784802
5.81129653730374,0.37923724830095096
7.455604838385661,5.700409004684171
6.94722004560276,-0.13004206304306198
-0.0416845332359146,0.9709199578097559
3.9416514099743503,-2.36050800209947
6.596773588654151,1.2731363848030302
6.991998736396019,-2.7479377310603796
-0.51300222415362,2.21969627785944
7.53700613014099,2.74797617382063
0.21826173945509103,-0.0286148263338268
7.41075339022431,1.31616525175985
6.11001135601619,2.41855456634187
7.2692410160513194,0.834884739916092
6.678216306486441,-3.4985541221032204
10.3952757858636,2.45408334793498
6.847265180045099,1.32414959506091
7.1866207170832,-3.48581267279092
6.13584774233963,-2.97878504926803
0.36997375543866706,-0.40156203117824196
6.934062544087991,1.8619906731868499
0.893456568401539,3.3513938648063797
0.150576681083357,1.40704780551379
7.39869025027492,-0.7958513245934971
7.2286786658126605,-5.90598467002267
6.56237226125224,-1.5740135984090098
7.50533898225713,4.4472081553758205
6.77364967674588,5.30809775108103
9.64481016680269,3.17874145647058
11.788634048099,-4.653149024480889
6.89392473395903,3.1211310580221
7.085294040920419,-0.150111803662885
6.58459423633188,-2.54068916646096
10.6538633956053,-2.9452072155274
-0.5339118529934229,-1.14794695859597
6.880485465923719,-2.46750423842257
0.41079054081874394,-1.1487773795265401
7.308283908738719,-0.788011510085333
6.7248881292554294,0.500343865062753
3.61364596083647,-3.0792117092585896
-0.509287691553544,2.6003973553336404
10.3547160569175,4.010961842799009
6.29235904011525,-1.92958437478099
7.50957853466545,3.0284885572124702
