2.35644771484658,-1.9624635656364298
0.739064583089203,-3.26345944404602
1.6619956572540102,-0.3590509756468239
0.523288688622415,-2.29413824854419
-0.252465921919793,-3.0618052133358997
-0.722387873101979,1.44910869281739
-1.3775253007188402,-1.72321974532679
0.493575824890286,-3.60165653098375
-2.97378356801346,-0.7431903923861679
1.95150101138279,-0.0868404717184603
-0.148482832591981,-2.68824378307909
1.60103522241116,-1.16948509356007
0.9456070186570291,-3.4271565978415297
-1.57369962241501,-1.8550617005676002
-0.334352919366211,0.0188598101958632
0.302254173438996,-2.28438709303737
2.46341531770304,-1.9012714056298101
-0.170907328370959,1.3246352840215
1.62422558385879,-0.7888263170607389
-0.8486212641000749,-2.21316445618868
-0.868850197643042,-2.36588339414448
-0.3779431884177029,-2.76487373234704
-0.0127676227129996,-2.83656121883541
-0.945432614535093,-2.24407764943317
-0.377661963924766,-2.40568208275363
0.631535895168781,-3.02075752429664
-1.88964559044689,-0.8704110370017589
-2.16027157008648,-1.8119972147978798
2.62786744255573,-0.361065720207989
-0.979065776336938,1.05205932026729
-0.17799059348180898,-3.90530341211706
-0.077024310361594,-3.52895120996982
-0.8242107704281808,-3.15208138572052
-0.6418808805756271,-2.18255062587559
0.9885395532473921,1.3727501640096298
2.61287032766268,-1.1008001784794
-0.35929576354101295,-3.1065142671577597
1.67862516036257,-1.6282539698295302
2.07210744125769,-1.02300903527066
2.19252708926797,-0.514921735506505
0.572563103400171,1.28292470797896
1.67498999461532,-1.23819259973243
2.01674125948921,-1.9598630676046003
2.1387653253041203,-0.0165095292031765
-0.537676435895264,0.7404295969754459
0.34599818522110604,1.47559480601922
0.5840114629827441,-2.02116310317069
1.1806441685184799,-1.81414835900068
1.11638359259814,-1.85673988796771
0.460367124062032,-3.06814122246578
-0.262309098150581,1.26611071964726
1.08829413587227,-1.36089354101568
0.6293478971347211,-3.1979135060682897
-0.715411408804357,1.60562454583123
-2.53753823135048,-0.919487634208053
-0.0669345953501761,0.4791892580688
0.29578695865348,1.70752674760297
-0.592428189702332,-3.45384466601536
-0.0032820147462189198,-2.44733220105991
0.36515010846778795,-3.25311267003417
-0.9192384737543761,-2.2983362395316402
-0.649894699454308,1.3405640791170301
1.09541996987537,-1.1510958098806399
2.4950326443649797,-0.22325682966038604
0.673955821897835,-3.6689465646632002
0.220236964058131,-2.3241045423783397
-0.606686477549374,-2.2126088007353197
-0.302731995470822,-3.4976514051668297
-0.395529476925731,-3.7453805282712
1.7483387757092699,-1.85713630076498
-0.027745543513447005,-3.82986005861312
-1.48132860660553,-0.40060576889663896
0.15516255889087902,-2.4315441064536603
-0.424844959750772,0.47745205368846705
2.18767698621377,-0.04822061304003
2.15260367514566,-0.275200920645148
1.65519479801878,-1.34753370657563
0.26114497194066605,-3.1689125983975797
2.03760984679684,-0.513590169604868
-0.0227739326655865,1.5581317655742197
2.7822286249138397,-0.7842640778981149
0.0157513422891498,-2.02277988195419
1.73579189553857,-1.70281257480383
0.832571716047823,-2.8867179043591
-0.359253515023738,1.5084948041476298
-0.21981057152152103,-2.88359205983579
0.8760565230622891,-3.11233683023602
0.939600240439177,-3.7280094297602795
-0.8276556152850391,-2.2780913258902697
-0.564018662553281,1.6705106399021998
0.17096670623868696,0.7079722052440051
-2.74116742098704,-0.4676669426262379
1.16506236325949,-0.609789511188865
-1.48580293310806,-1.6096571362577399
2.9428761336021103,-0.132606958970428
-0.468626626301557,0.9663353385403749
-0.726995401550084,-2.8103450774215197
-0.7942707114852959,0.11591712106019302
2.73100162809715,-1.91616100305691
2.6911122458986902,-0.9836838305927809
-2.10453980322927,-1.48070785729215
2.57385470531881,-1.4815103178843898
2.63791076652706,-0.260587859433144
-0.536352406721562,-2.01284644613042
1.9158431221731,-0.45875407708808796
0.325933950487524,-2.71052733855322
-0.37503527477383597,-3.1014589713886402
-1.95747147407383,-0.0924827507697046
1.79050752287731,-1.68540942668915
0.782788234297186,0.572570697404444
0.5959452623501421,-2.1482719513587702
2.3824156629853,-1.17543377401307
-0.7562014800496399,0.535042864270508
-0.702436833176762,-3.32113750744611
0.8780424776487049,-3.7731229905039103
0.9684384069405501,0.0674555459991097
2.10123344371095,-0.485341681633145
-0.9160663620568811,-3.16801040247083
-1.88066984154284,-1.15637973649427
2.3314702850766498,-0.102349498774856
-1.42318123672158,-1.1789712193422
-0.9407488456927241,-3.71021370589733
1.1878332141786798,-0.16802733391523403
0.971281768754125,1.45196605380625
1.07473992975429,-0.0179313621483743
0.495529168751091,-2.61657717218623
0.0422714515589178,0.628541560843587
-0.7777291513048109,1.2976362486369901
-0.560464737471193,1.4079841226339298
0.717182814609259,-2.7216283786110598
-2.1462288470938797,-0.936633345670998
0.371342668775469,-3.45449752826244
0.28768000425770895,-2.9230553116649403
0.49218719592317894,-2.70425945520401
2.83411426609382,-1.68825169885531
0.6564146075397729,-3.30471724784002
-0.337765341158956,-3.9652455970645
-0.48674633400514705,-2.09788883477449
0.47901644324883796,-3.0291459881700598
2.13346816552803,-0.21657253568992
1.56570479925722,-0.6339794350788001
1.40987740596756,-0.5472022234462199
0.10287002893164801,0.341290470212698
-0.5662144743837421,0.8378317938186229
-0.324494385626167,-3.2453157864511
0.318460648413748,0.202116988133639
1.79089771816507,-1.33082407759503
-0.10296731721609802,1.15303804259747
2.36157510243356,-1.14211881766096
0.7719497024081651,-2.4708487098105296
0.612218952272087,-2.36218489892781
2.5508151827380097,-1.2725146105513
2.97815654147416,-1.32088897190988
0.634235460776836,-3.7392429756000602
0.313516255933791,1.7608811375685
1.60577524919063,-0.532095702365041
2.6624439577572003,-0.160303884651512
0.41658064443618104,0.7454187888652091
2.8991706459783,-0.27802128484472605
-0.469964387826622,1.53838782245293
0.9760066107846801,-3.4520855746232004
1.50619798805565,-1.79257686622441
-2.5150858447887003,-1.56563243409619
1.79132127994671,-0.23173278523609
1.09907687129453,-1.43886965047568
2.2514872741885497,-1.6763815796002701
0.604365415871143,-3.30903253983706
0.188686388079077,1.0753543660976
1.55371014494449,-1.760142238345
2.09491893602535,-1.16266168328002
-1.82886884734035,-0.562776509672403
-0.22418194031342897,1.03014361578971
-0.7847823384217919,-2.10875570168719
0.6010214239358901,-3.58385065943003
-1.21620746096596,-0.500785808078945
-2.1189337503165,-0.6789353974163531
-0.37518969690427206,-3.5111071392893796
2.9079024954698998,-0.9480514517053961
0.0960866520181298,-2.1044566729106
1.40399041771889,-1.9860030910931499
-0.307745912112296,-2.5158266816288197
2.7801558263599904,-1.02032589679584
-2.2891306579112998,-0.7302071899175641
2.9012425281107403,-1.98633298231289
2.90528914798051,-0.195636443328112
2.93807772733271,-0.660792908165604
1.38404663745314,-1.2310867686756002
1.7010895460843998,-1.14818973187357
-0.0869636358693242,-2.06223530042917
-0.5581804555840789,-3.57463772920892
-0.208621264435351,-3.4640608015470202
2.9494516169652303,-0.9724377216771249
-0.370674778707325,-2.0447836779058
-2.45275453152135,-0.3981643025763329
-0.0488835517317057,-3.0001630187034602
2.41807580692694,-0.6528900242410601
1.0510533968918,-1.89292613090947
-0.282679400406778,-2.9153003706596805
-0.384559978265315,0.29409664915874606
2.00581660820171,-1.1801081430167
-0.451666756998748,1.9541979925707
-0.702444045804441,-2.5883117499761297
1.89628622774035,-1.16190855018795
2.25949084758759,-1.9922073138877698
1.6022850489243898,-0.6225577597506341
0.138097684830427,-3.6244865986518597
2.66880195587873,-0.16945474874228197
1.32095018494874,-0.413551664445549
0.31967689935118,0.9851330956444141
0.6436109202913941,1.3947475324384901
2.75734804244712,-1.78541069012135
0.145734116435051,1.98247311171144
0.25994610693305703,0.8436899003572759
-0.445331258233637,-2.32722714636475
-0.567184128332883,1.66385512566194
-1.5822892235591999,-0.17068565916270004
1.8890547938644902,-1.4984429320320503
0.603703743312508,-3.33562293322757
-0.356511817313731,-2.3418566104956002
-0.489788633305579,-2.97467769822106
0.73944143159315,-2.27281258208677
0.0727198617532849,-2.13786742836237
-1.89815454185009,-0.6180203002877529
-2.7394237262196803,-0.864503252785653
-0.63905507652089,-3.71726990211755
0.865145570598543,-2.26092180935666
2.77026530308649,-0.903935424983501
2.4592633289285,-0.8072740784846251
-0.12489854218438301,-2.9284441918134703
0.11022761370986699,-2.5676265661604702
2.6133888592012204,-0.10376232443377399
-0.812570242676884,-2.13043329445645
2.78379224520177,-0.8176124859601259
-0.695110504515469,0.623739493545145
-0.8783238874748349,-2.64509183075279
1.1599458246491798,-1.90601263893768
-0.00494546582922339,1.9349389886483601
-0.500630598515272,-2.22452297108248
0.098569312132895,1.6714176740497402
0.9977652980014681,-2.53921443084255
2.5636461302638103,-0.0810684324242175
-2.6796303731389304,-1.56590405059978
0.238512966781855,1.2344705392606599
-0.0679926718585193,-2.08276972640306
2.2253439305350198,-1.3683744217269098
0.7738722241483629,-3.66898154187948
1.70721215195954,-1.0586363328620798
0.282946401275694,-3.60570334689692
-0.0184475374408066,-2.68882906483486
-2.848278330639,-1.18874946655706
-0.059994705952704,-3.16984634334221
0.48066872078925393,0.386757359839976
1.77038318663836,-1.16489008022472
-0.40228801593184493,-2.01589375874028
-0.43077018484473206,-2.44930014293641
-2.45621958980337,-1.7300072032958302
0.9828243884257969,-3.90818810695782
-0.9503657924942671,-2.7543483306653798
1.77034720918164,-1.7399108093231899
-0.11951630096882598,-2.11262119095773
-0.448201974388212,-3.92935296427459
0.0214421506971121,-2.55555589776486
1.19260222138837,-1.2170024965889799
-0.94743832340464,-2.57393387844786
-0.530200798530132,-2.3080965392291497
1.75363283371553,-0.286806066054851
2.5207990724593397,-0.40915595926344395
1.4732394842430903,-0.8851248337887231
-0.7941506346687671,0.0953272548504174
2.62460965709761,-1.7714914595708302
-0.9137654383666809,-2.21596705773845
0.8809345685876909,0.805146684404463
0.597849691286683,1.18609130335972
-0.19097943650558602,1.71377084031701
-1.5684380829334301,-1.58000388275832
-0.25203577242791697,-3.55549381347373
0.673320233821869,-2.12818538676947
2.65850164694712,-0.68555787904188
-0.16137295681983202,-3.21629951149225
1.31433565029874,-1.76634475495666
-2.2174098175019,-0.7486633691005409
-0.06644191686064001,0.198083658702672
2.8653621580451696,-0.37656083144247493
-0.292190856300294,0.385631893761456
0.6470512002706529,-3.08429325791076
2.37548537133262,-0.691198466811329
-0.533931801095605,0.7978796493262049
0.5581377372145649,-2.8833621200174098
-0.363637984730303,0.305774445645511
-0.7606816110201179,-3.3946759020909703
2.66313719609752,-0.9583152974955741
0.258442263118923,0.0126015678979456
-0.908337666653097,0.514433492906392
-0.776623987127095,-3.8824831433594196
-2.10485971765593,-0.5940409922041
-1.74214447848499,-0.904002256225795
0.0525451386347413,-3.83342530904338
0.420364802703261,0.144114247988909
-0.120336624793708,1.00562609126791
-0.231242954730988,-2.44012491544709
-1.01476865261793,-1.72218101611361
0.0562109760940075,0.7281837295740842
0.992891414556652,-3.4924179017543797
-2.8687437763437598,-0.0985518032684922
-0.598480814136565,-2.35062148142606
1.0789983957074598,-0.6669885655865071
-0.17862044693902102,0.904916788451374
-0.908887001220137,1.7604930824600198
0.291031228378415,-2.6797755006700803
2.60189642384648,-0.0751573578454554
-0.762322858441621,-2.12288799602538
0.7648460576310749,-2.57408781396225
1.07956127403304,-1.8255613963119701
-0.62355632847175,-3.8599854935891895
1.33104182220995,-0.8052930347621441
-0.0776319513097405,-3.2755015795119102
-1.3021718314848798,-1.1963722915388602
0.29997031763196,1.79347736528143
2.1677446719259,-1.7032952164299802
-2.1728898715227802,-0.26762173930183103
-2.21533749205992,-1.99504237947986
2.97210859460756,-0.31013292027637396
0.0230109198018909,1.5976632223464502
-0.620164553169161,-2.2670815107412596
0.508950317278504,1.7420868272893102
0.281013627536595,1.45678885653615
0.13236480997875302,-2.50943610630929
-0.666055407375097,-3.28075766237453
1.7764093275181898,-0.774440702050924
-0.8420576448552309,-2.03066323092207
2.9860895606689195,-0.847509662155062
-0.35703448718413705,0.592604350764304
2.07912182807922,-0.8557026409544051
-1.6816041483543798,-1.8683833577670201
0.47167525254190007,-2.2933519640937403
-0.00576278148218989,-2.66025351034477
2.42537310998887,-1.72004413791001
1.72882216330618,-0.631027054041624
1.54750253958628,-1.3039698945358402
0.14142638677731198,-2.42963411519304
2.51177451945841,-0.385001781396568
-0.296404181513935,0.148769026622176
1.1629331200383601,-0.203278337605298
-0.846617669332772,0.77663823030889
2.63016299018636,-0.876648782286793
-0.7910749968141321,-3.5896138479001802
0.389534627087414,-3.12568109622225
-0.8230308853089809,-2.4730231715366204
0.46427041105926,1.24659509258345
2.60285916738212,-0.9773708069697021
0.7729381215758621,0.10925821820274001
-0.5478725903667511,-3.6262234752066402
2.6329562775790696,-0.55831929994747
0.780700444243848,0.9618216599337758
2.3729807022027702,-0.914803259074688
-0.7372434912249449,-2.4251022734679304
2.51827067881823,-0.226274856831878
2.6207961323671003,-0.693144359160215
1.1650054915808101,-1.24711101362482
-1.9040114334784402,-0.495111573021859
-0.312967055477202,0.143808194436133
-0.00396955804899335,-3.62360301800072
-1.2439164505340201,-0.702887302730232
-0.18633481347933398,0.5410897447727621
2.12728936690837,-0.25023522507399304
0.49557309737429,-2.3813074496574704
-0.53869279846549,-2.30829798895866
-0.093331687618047,0.505929857026786
2.62365483213216,-1.01141527621076
1.7309085391461798,-1.4744073916226599
1.5415560388937601,-1.71169536979869
-0.6780669973231851,-2.62142792483792
0.7233349084854129,-3.37061739852652
1.2315593296662,-1.07726214639843
-0.25901156989857604,-2.2958817272447
-0.0218170029111207,-3.48946843249723
2.7731322417967004,-0.745778598822653
0.7982489704154431,-3.93546600686386
0.194903733208776,-3.26262023532763
0.43618361791595794,-2.3588506253436203
2.53857107739896,-0.7051157127134499
1.04014801839367,-0.436062170658261
2.9062024275772296,-1.16617090068758
1.84086980205029,-1.43429917097092
2.3752151634544103,-0.456181035377085
-2.38737748237327,-1.08151836553589
0.895453880075365,0.110603852663189
0.7272882228717209,1.73296662932262
0.7900907183066009,0.943152555264533
-0.716186184436083,0.676782567519695
-1.01508938288316,-0.23753087036311604
0.6795355295762421,1.1698001869954198
2.59764711558819,-1.0195516035892098
0.47530441451817795,-2.95517065748572
-0.451232710853219,1.90033395867795
0.685458637773991,0.972823528107256
-0.250572086777538,0.6162391086108979
0.33023038925603004,1.8514159116893998
0.10912635922431899,-2.6870080698281495
0.16942017897963502,-2.8152694287709905
-2.8419886366464198,-0.8898437945172191
-0.164706440642476,0.7931691892445091
-1.5608254345133898,-1.1892722304910401
2.5062201991677298,-0.899481907021254
0.516371077857912,-3.9000004460103797
0.16428779438138,-3.35287551069632
0.73011711332947,-2.86256594024599
-0.46805471926927605,1.9347967412322802
0.6217789575457571,-3.82048282586038
1.4516368466429401,-0.295270799659193
0.12918086955323801,0.564436834771186
1.5076415929943299,-1.1336297187954198
-0.6915953983552751,1.9988090558908898
1.9195703864097602,-1.5611549080349498
0.692391515243798,-3.85539344884455
-0.878558856900781,1.4265580014325698
-2.4471202325075896,-1.25604250794277
-2.03974712686613,-0.81145405722782
1.43448702804744,-0.7292648460716009
-0.5078245312906801,0.7037772769108409
2.54040951887146,-1.7478344291448602
1.8469273019582,-0.9452101187780501
0.0843765796162188,-3.0608662534505098
-0.0374203990213573,1.82799089932814
-1.98600454628468,-1.2175424331799098
-0.536214534658939,-2.38815205032006
0.493136008270085,0.9102161019109191
0.895765169989318,-2.9630655013024803
0.306203850079328,0.20144316460937303
0.8746547307819129,-3.21896605845541
0.466897109989077,-2.69463673047721
-0.327403595671058,-3.9907820518128596
-2.36071576131508,-0.6419543810188771
0.462406211532652,-2.0214697890915
-0.219336141832173,-2.93633761070669
-0.510858635883778,-2.22963164700195
-0.810318678151816,1.76395511860028
2.32477101311088,-1.74387116078287
-0.58693722076714,1.5705833425745401
-0.738608616869897,0.5954835652373729
-0.110463995952159,0.646689986344427
2.80646712053567,-1.09766218718141
-0.643326472956687,-2.4958266578614703
0.83835973078385,-3.1751615167595397
2.42950962111354,-0.5766148413531479
1.24047425715253,-0.906954411417246
0.0326521471142769,-2.44205884030089
0.336111174896359,0.27421216201037196
0.15024123666807998,-2.84439255110919
2.81209622323513,-1.6604618998244398
1.8578971917741,-1.4337346055544902
0.0441004945896566,-3.95224622357637
-0.97293874528259,-2.9174566408619302
0.8045980902388691,0.8568430175073442
0.38001420302316496,1.83012752328068
0.6277010482735931,-3.5089898649603097
-0.684674444142729,-3.74398182006553
0.6533801006153229,-3.4460771591402595
0.5763916680589319,0.44997065840289
0.624779019039124,0.6946492628194391
-1.8371053235605401,-0.13780071772635
0.400357222184539,-3.43499112408608
2.34666496282443,-0.10273698531091198
0.45417294139042497,-3.80060167843476
-0.285787164233625,-3.37225762661546
-0.0265888548456132,-2.39243921404704
0.17741255322471303,-2.69123742450029
2.09404683532193,-0.984634273685515
0.694906330201775,0.273080394137651
-0.9976883605122571,-3.234576233197
0.7156554306857289,1.45340507803485
1.2081572720781002,-0.0846605151891708
2.25251389481127,-0.48759329738095397
2.7886692509055098,-1.89823977276683
2.60447643417865,-1.5275301281362799
2.99323443742469,-0.15104202646762102
-0.115036133211106,-3.53034003032371
-0.909373383037746,-2.96272560534999
-0.155303144827485,-2.3393928152509
0.0251499433070421,-2.01067915558815
-0.397542200051248,0.9293318837881089
0.00134339835494757,-2.50594823388383
-0.0958288302645087,-3.89516629884019
2.17391731357202,-1.12790465634316
-0.595825089141726,-3.5523855551146
-0.251074448227882,1.7362136137671798
0.427155623678118,-3.0760724460706097
2.7087294929660897,-1.9816401083953703
1.05598514387384,-1.7842262396588897
0.22990790754556698,-3.9256436587311296
2.1660611904226204,-0.34075224259868303
-0.0444080578163266,0.7943039066158241
0.185726528521627,-3.6868962054140897
-0.775787016376853,-3.71472964249551
0.952092070132494,-3.48470400786027
-1.81226613465697,-0.544474579393864
-0.817912000231445,0.0697496081702411
0.311411598231643,0.105687885545194
-2.9401203491724996,-1.2055079895071699
1.17672660201788,-0.377072684466839
-0.255523879546672,1.5491830841638101
0.677954038605094,-3.2811342580243905
-0.446817072574049,-3.55839450983331
-0.536748429294676,1.60683708405122
-0.37510367017239293,1.52164725074545
-2.7015115725807797,-1.23715480649844
2.1698731146752803,-0.8612946225330229
1.7161139268428098,-0.609958605375141
1.4705377160571498,-0.18410719837993397
-0.557794124353677,0.0355316237546504
0.45045590400695795,-2.88237452274188
-0.714399955235422,1.09365231310949
-0.147649894468486,-2.72214943077415
-1.26500106276944,-1.3435226716101203
2.05978491716087,-1.7596370247192699
-1.7508940254338101,-1.78039681306109
0.224749944638461,-3.05601367773488
2.17492273403332,-0.47602935368195204
0.926048465073109,1.23670245474204
-0.634118615649641,-3.03873671079054
-1.7565480344928799,-0.557381467428058
0.33656929945573194,1.0675297472626
0.6878294162452221,-2.09571522986516
-0.915880932938308,0.817887995857745
0.23468881659209698,-2.12596688373014
-0.83268622867763,-3.0816830494441096
1.72480342490599,-1.7255127648822999
0.35514127090573294,0.43250957923009997
2.8712922944687302,-0.90343885216862
-0.499970021191984,-3.6780819287523596
-1.87607368221506,-0.0551359816454351
-0.23564167972654101,-2.78230572491884
-0.868878582958132,-3.1998745761811698
2.62570537580177,-0.15786959230899802
-0.344158561434597,1.6419026479124998
-0.399291656445712,-2.9985157935880093
0.309253489598632,-3.7284721606411
-0.239104060921818,-2.62581062037498
1.2941682171076498,-1.86213480634615
-2.94132677000016,-0.423056141939014
-0.321556990034878,-2.6474142256192903
-0.172551347408444,0.343396987766027
2.04262769268826,-1.9079469027929
-0.5544627946801479,-2.7428658497519796
2.26960101956502,-1.552439997904
-0.39334965823218204,-2.31419067084789
0.516919075045735,0.395489473361522
2.3334103156812502,-1.4045538436621399
0.8927995404228571,-3.54173607332632
-1.39904725225642,-0.167388520669192
-0.8348778788931669,-3.75784417940304
0.243614124599844,-2.12939534056932
0.54558879788965,-2.7945849345997
0.91064740344882,-3.9883057968691005
1.21635705884546,-0.391487441491336
1.8722599921748,-1.5273202219978002
2.9858880322426598,-1.1847386844456202
1.4696393515914699,-1.65554980793968
-2.08902208413929,-0.863323975820094
0.784838088788092,0.5764785613864661
0.7790786321274941,0.5650566602125761
2.64543478330597,-0.19327542418614
1.6974389874376399,-0.592374099884182
0.7861022287979721,0.451772865839303
0.409755701199174,-3.2743500065989797
-0.0728524723090231,-3.6780739286914503
-0.632343018427491,0.685617603361607
0.676046395674348,-2.66639645164832
-0.226148607674986,-3.94578881235793
1.1127644507214398,-1.8774747713468998
1.97406513988972,-0.0220731776207685
2.95476715359837,-1.48114665970206
1.69960358552635,-1.50118682952598
0.5706972368061539,-2.78233719291165
1.3479676335118702,-0.663352712988853
1.73288288991898,-1.26830905349925
0.236035746522248,1.92768666381016
-0.972116895020008,-3.24348595878109
1.32233152538538,-1.99761674320325
2.4130038022995,-0.907147482503206
0.227119236718863,-2.79774921992794
-0.9497940684668721,-2.43120365217328
-0.618565089069307,-3.21107469312847
-0.507102011702955,0.32614065846428303
1.4021612321957901,-1.06276167510077
-0.23206072440370898,1.34837368503213
-0.682567059993744,-3.9636737396940602
-0.8483942830935121,-2.77329269563779
-1.38750411942601,-1.7522846972569799
-1.9211785346269599,-0.162090509664267
0.717600678559393,-2.7818780429661296
-0.5118815437890589,-3.1049167807213998
2.76152822980657,-0.481666395906359
-2.7693251809105295,-1.10117722442374
0.5411940938793119,-2.1061926507391
0.182774484157562,-3.3987589832395297
1.8996049682609701,-0.7364222565665841
0.9860310256481171,-3.5166992293670805
1.03232096182182,-0.221957014407963
1.1725557865575,-0.36031066440045795
-0.16003412893042002,-3.83545991592109
-0.163171247113496,-3.8514324156567503
0.8632063292898241,-3.4388049677945696
2.81829300895333,-0.709144968539476
0.588684642221779,0.0400486011058092
1.9095232626423202,-1.4099814575165501
0.5066157286055389,0.808798362035304
0.45059872651472704,-2.12848614808172
-0.950203461106867,-2.0510902516543896
-0.521800088696182,1.9667003615759298
2.41714827436954,-0.944141999352723
0.4711168073117729,-2.94877629494295
0.449711651075631,-3.32945117121562
2.74789982568473,-0.509316315408796
1.3470354923047099,-1.0432611065916702
1.08421609736979,-0.6041068430058659
2.6642155484296404,-0.774553062859923
-0.24538011616095898,-2.32761774398386
0.225531805772334,-3.03670747065917
-0.215607030782849,-3.43020890513435
2.7148948488757,-0.0747693171724677
-2.21048202831298,-1.37296420894563
2.40317023685202,-1.02114439196885
-0.604152726475149,-3.1257748757489003
0.799649940803647,1.4017061749473199
1.1932674860581798,-1.89560276828706
0.410658563487232,-2.43293985538185
0.531379334162921,-2.52946021361277
-0.20813681930303599,-3.2607076121494196
-0.724744024220854,-2.2273874408565497
1.4303329763933998,-1.4823975972831203
-0.132737506181002,-2.5443742745555897
-0.1745077627711,0.813215732574463
-1.52250291593373,-1.94780455669388
-0.26803972339257603,-3.8725863136351095
-0.512761054560542,1.51718633901328
-2.62971936259419,-1.04091184400022
1.85485656140372,-0.6482199975289399
0.313265341799706,-2.11107722437009
-1.9135342040099201,-0.36063496302813297
1.99589787237346,-0.5412781373597679
1.2554113757796599,-1.59316579671577
1.12529999669641,-0.8201967524364591
0.9803371205925941,-3.6895267576910604
0.381410556845367,1.08416073443368
0.40750762401148705,-3.48499515047297
1.33059616247192,-1.03548417706043
-1.4526279210113,-1.5113835008814902
-0.50254727108404,-2.29173539485782
0.666885305661708,-2.9443797208368796
2.77611038088799,-0.5697329444810749
-1.0516726118512498,-1.70117500890046
0.0673758909106255,1.56789295747876
-0.778642424847931,-3.64321892429143
0.16286631533876098,-3.93714667158201
0.30037817312404497,-2.43567282427102
2.72021369216964,-1.2734768665395702
0.9090072982944549,1.83771469630301
-0.188916955608875,-3.70079094590619
-0.022652929648757005,-3.61353054316714
-0.412247583735734,-3.1028837878257
-0.6321961223147811,-2.7217994574457403
1.3300517844036202,-0.715772361028939
1.5659857415594198,-0.0156587613746524
0.466079986654222,-3.5078010908327997
0.41706093633547403,0.790440269280225
1.9801269061863402,-0.73629964934662
-0.99031652091071,-2.35251263622195
1.5520993452519198,-1.02635425329208
-1.8893728163093302,-0.942469208035618
0.677811996545643,-3.02368886955082
1.1832893895916599,-0.527331941761076
-0.42168052541092,1.3965231897309398
-0.13549285242334,-2.7541068606078603
-0.9364853585138921,-3.44971298100427
-0.525604163296521,-2.97943996405229
-0.00323992548510432,-3.57600753335282
0.45732907624915203,-2.30941266426817
2.22912431461737,-1.3918950618244699
-0.63230095198378,0.45014670165255705
2.77681730082259,-1.22165935393423
-0.129026398994029,-2.80951952654868
1.2802070998586699,-1.1996616432443301
0.691871583461761,-2.1712705539539496
1.5636233394034198,-1.15843324875459
2.50586411589757,-0.8794389250688249
-0.28910923842340697,0.7266010870225731
0.5962639744393531,-2.84084133198485
0.711353382095695,-2.01001097494736
0.963086314965039,-3.85070740198717
1.4744593948125801,-0.152601573616266
-2.84455689135939,-1.7626193552278
-0.962335682008415,-2.6926245456561397
-2.04422637494281,-0.9411884872242808
0.969913959968835,0.129856599960476
0.0596713717095554,0.417752697132528
-0.538770113606006,-2.25632385257632
-0.7057727053761479,1.83136707684025
1.12156444974244,-0.486699734348804
0.21746996464207802,0.0164310396648943
0.135452331509441,-3.28738964116201
0.225542006548494,0.932944753672928
-0.8934811269864441,-2.80759274307638
-0.44487983966246203,-2.99181433208287
0.24625832401216,-2.73312683030963
-0.46993453707546,0.370592883788049
0.0045991265214979605,0.287634087260813
0.8705996065400541,0.779174223076552
0.12189596751704801,1.06214079773054
-0.261022268328816,0.207613376434892
1.8572261827066499,-0.5808402905240649
-1.7197030270472198,-1.56667572213337
0.8037487789988521,0.420974158216268
-0.45951379928737895,-3.40878525096923
-0.12113692751154302,1.9557068096473798
-0.705810618121177,0.9845866574905809
0.576610270887613,1.92471787286922
1.4399663554504498,-1.68262320477515
1.34139651060104,-1.6934902439825201
-0.9046699940226971,-2.9563483702950197
0.908182477112859,0.475498809944838
-2.6001764512620897,-1.2296028141863602
2.8068017694167797,-0.383227489423007
0.7055607791990041,-2.9219612893648397
0.0985595877282321,-2.80638616997749
-0.290540758986026,-3.45583933079615
1.6590948267839798,-0.705305968876928
1.04398743063211,-0.266879640519619
-0.134551804047078,-3.0017900909297204
-0.236820609774441,-3.36841385578737
2.10662797512487,-1.71870762109756
-0.0740769994445145,-2.6544925444759397
2.47179870074615,-0.449405540712178
2.17455624835566,-0.7135568810626859
-0.34435581229627105,-3.8233367325738103
0.688860700000077,-2.82531723938882
1.4303441653028102,-0.680757325608283
0.913217317312956,-2.8696844941005097
-0.0873608780093491,-3.6852849284187
-0.12920247297734,-2.46037940680981
0.30671046115458,-2.4991915030404903
2.3075333647429903,-1.45836913492531
1.6826425679028,-0.664719537366182
0.17113420832902201,-3.30848925746977
-2.4226197828538703,-0.0628981441259384
0.7665823833085601,-3.73575606755912
2.8106191633269195,-1.9537110156379598
-0.8704977408051491,-2.24893655627966
-0.123450924642384,-2.25803209142759
1.19889164669439,-1.35522889625281
-0.5604124288074671,-2.0778779983520503
2.16787769133225,-1.37231485592201
-0.958418302237988,-3.8447147756814997
1.48106140317395,-1.68112903973088
2.35802683141083,-1.84828573931009
0.105752941220999,-2.6633009403012697
2.73293552640826,-1.35734311304986
2.64406014233828,-0.37377373501658395
0.587115517351776,-3.0716930725611697
-0.876547452062368,-3.57123914873227
-0.903370950371027,-2.43090419564396
-0.744936699513346,0.336121621076018
-0.569866506382823,-2.0674699740484397
0.44119254685938397,0.709566195029765
2.9283051402308,-1.4744874443858897
0.590934835374355,0.11695697717368599
-0.950772630982101,0.521713714115322
0.5645886026322839,1.96428074734285
0.43016099324449897,-3.4019690873101402
0.125033617485315,-3.3533278233371697
1.6338984961621499,-0.7384528028778728
1.1738803358748602,-0.39770252769812897
-0.7778070773929359,1.2438045903108998
0.624785967636853,-2.64941300079226
0.40614594798535103,-2.42984328093007
2.04764520330355,-1.44446136523038
-0.0493668518029153,1.5406681485474099
-1.5449327337555598,-1.24831312661991
-0.181050094775856,0.238809559959918
0.749364685732871,0.617573665454984
-0.617147873155773,-3.70818024966866
0.16350019956007597,1.94268490048125
0.7660348080098629,1.03005945449695
1.8266108161769798,-1.97391794063151
2.7009349614381803,-0.8906363411806519
-1.3045216845348502,-0.266692583449185
-0.0447027562186122,-3.00881312554702
1.64345107553527,-1.9926315448246898
0.908509946428239,-3.06191198900342
0.23998662037774898,1.57137566851452
2.89007020695135,-0.502414237707853
-1.4145233165472701,-1.61438874620944
0.0618714676238596,-2.2133165337145297
0.255004883278161,-3.7239395789802097
-0.0223847241140902,-2.12844183575362
0.547062112018466,-3.4221056136302597
0.385606812313199,1.92220958741382
-2.31813125964254,-0.347336842678487
-0.998750453349203,0.328422449994832
1.89407398970798,-1.07404957758263
1.0639432561583801,-0.4041941254399721
0.0853620655834675,-3.0776011887937798
-2.51312951510772,-0.29126015258953003
-0.0867705293931067,0.3443434927612539
-0.11559985158964999,0.443575869314373
0.826376446057111,0.189924826379865
-0.41783408541232303,-2.36625187564641
-2.42346759047359,-0.9791773972101508
-2.36287381220609,-1.88393860450014
-1.29313952242956,-0.511522989254445
2.01968579879031,-1.84970964677632
-0.815741096157581,-2.06529014231637
2.47324069216847,-1.25568451453
1.6369891762733502,-0.832874273415655
-0.171519429422915,-3.92453163862228
-0.0473104896955192,-2.4904320295900098
1.1409779554233002,-0.9149367725476619
-0.0925872167572379,-3.9200657298788397
-0.231314931064844,-2.88579798256978
1.0009306981228299,-1.1854614201001799
0.8961337925866251,-2.8348959367722304
-2.6539139226079,-1.5852690003812302
-0.0746023170650005,-2.91961408685893
-0.712443793658167,-3.9360626982525004
-0.853171205148101,-3.75238730339333
0.145266803912818,1.34875277616084
1.9294275483116499,-1.90116880647838
1.5490907272324,-1.80552108865231
0.29776495927944796,-2.63333560526371
-0.501906290650368,-3.9892711052671097
1.92803325364366,-0.849128660280257
1.7115231314674,-1.78235185379162
2.3726498936303,-1.2770675588399198
0.0695180939510465,-2.2958920574747004
-2.76883508590981,-1.22500348463655
2.72510379506275,-1.9542906330898402
-0.8942886432632801,-3.7293136883527005
-0.990723698399961,-2.41135766822845
-0.526254808995873,-2.25297757191584
-0.5117498226463789,-2.76448709750548
2.8587013650685495,-1.91527864243835
2.409744491335,-0.38277591019868895
2.0710827833972902,-1.4212957099080101
1.14991350239143,-0.8611134504899379
-0.130214517004788,0.791785376612097
1.95854311995208,-1.61737562622875
0.9596438347361981,1.28784582996741
1.6155277485959199,-1.9690446620807098
-2.08622648892924,-1.8547361488454
1.2346624545753,-0.753477232996374
1.2925641159527,-0.4744988214224579
0.6962153608910739,-2.25030674878508
2.0531801590696,-0.86869131308049
0.624023488722742,-2.8839075164869397
1.2741349427960802,-1.4797350526787298
0.9774177218787371,-3.90833073854446
1.6089555812068301,-0.43013688735663896
1.46019384078681,-1.7085824748501202
0.913666690699756,0.9640852110460401
0.482700248248875,-3.1967867040075397
-2.96161793870851,-1.40175444865599
-0.593919900245965,-3.48014400200918
-0.15965964598581198,-2.7562187099829303
0.629280077759176,1.03288978850469
2.46749551640823,-1.084246405866
2.13423893228173,-1.91206674929708
0.46248018601909296,-2.87547892984003
1.03672816744074,-0.61360219726339
-1.33341045677662,-0.33641936443746095
0.3692173925228421,-2.02029439713806
0.143870627973229,1.33754303492606
0.4741554758511479,1.6681086183525602
-0.81281002657488,0.20719928992912198
0.620128706097603,0.6726624118164181
-0.508552643936127,0.45848968066275103
0.35639545554295204,-3.9296980178915
0.850545731838793,-2.55530066043139
-0.22001112950965804,1.9719083304517
-0.376595595851541,0.829470668919384
-0.24036692455411,1.94375127134845
1.24948417721316,-1.5925123728811699
-2.46239310037345,-1.7644592789001798
2.47806337103248,-0.8558525587432091
0.179051300976425,-2.76317532965913
1.35602762922645,-0.0627176640555263
-0.3603587658144529,0.591790910810232
-0.0680750994943082,1.93871282227337
0.7319341660477221,-2.95710942614824
1.5742002613842498,-1.75745589146391
-1.3465690193697801,-0.801768065430224
-0.948062445037067,-2.99772120639682
1.1707569146528798,-1.31637111166492
-0.6953067663125689,0.235827682539821
0.917900793254375,-2.85028633009642
-0.30865505151450606,-3.98785550380126
0.602690601255745,-3.06608481286094
-0.18204615637660002,1.20273145195097
0.0021476405672729,-3.2399915033020097
-1.71707472158596,-0.12445964617654699
2.30052300076932,-0.7641477533616129
2.0446715322323104,-1.7242832686752099
-0.915743975900114,-2.2507842499762796
-0.7670141262933609,-3.85730350343511
0.292074440512806,-3.7752310782670997
0.79521993547678,-3.91120057273656
0.227681887336075,-2.40884783165529
-2.07756685931236,-1.59563086461276
0.11326468922197802,-2.8986204834654905
-0.5597622296772901,1.47036861162633
0.999047955032438,-3.72510118922219
0.39097853703424296,-2.87591028725728
-0.975490751676261,-3.12970589334145
2.0078974240459497,-1.04435594053939
-0.533008949831128,-3.1469295439310403
0.0881320494227111,0.955690759699792
-0.801307340152562,-2.2368046641349797
2.5040750824846296,-0.253697264939547
-0.6811573263257739,-2.22209975216538
-0.932196958456188,-3.7803968088701403
0.661468124482781,-2.79578818986192
-0.624617761466652,1.63321177521721
0.8440092094242572,-2.80524467304349
1.3026763428933898,-0.11480227624997501
2.2941147000528903,-0.475943335331976
0.161056987009943,-3.1870751031674396
0.35266105784103297,-3.8660480706021203
0.19997791852801997,1.5691505330614701
-1.38628940423951,-0.614172666799277
-0.48865376599133,-3.060282622464
0.197604298125952,-2.18756361678243
0.193708790931851,-2.7710996703244706
0.44479773612692997,-3.4677450330928
-2.65612633526325,-1.5789535203948601
0.574769926723093,-3.065422387328
-2.4571819906122996,-0.55989908427
2.2884804410859902,-0.564230906777084
0.249811073765159,-2.45790740614757
0.774769509211183,-3.7503552054986398
0.512196027673781,-3.34216692624614
1.9569127676077198,-0.0101271197199821
0.828876373823732,0.31327370274812
0.7275645844638349,-3.5534874317236205
0.745462092570961,-3.5870251585729402
2.7081999550573497,-0.649275237694383
-2.07580228429288,-1.85542683815584
2.25429236888885,-1.33690601680428
-0.166905309539288,-2.88541782880202
1.3434868119657002,-1.72159271733835
-2.26018544659019,-1.51699549984187
0.905682009179145,-3.4901569662615697
-0.132270338013768,-3.35672524571419
-2.0631357626989497,-1.4710297668352699
-0.947978578973562,-2.7765031829476405
0.908947654999793,1.4587813038378998
-0.21822029957547798,-3.0975059363991
-0.44143238989636296,-2.1202887049876202
-0.9729590495117009,-3.02709984173998
-0.7071529114618901,-2.71586010186002
-0.8738125176168979,-2.71509740967304
0.96816771524027,-2.23713207570836
1.83555420348421,-1.9526227135211203
0.21366030164063,-2.00725604547188
0.9824384348466991,-3.21458368096501
-1.8809082615189299,-1.4239794374443602
-1.45261575514451,-0.802722906228155
-0.069101273547858,-3.92492032190785
0.8746281783096491,0.210835492238402
-0.9769564736634492,-2.01835253462195
2.5097309071570604,-0.9371813284233209
-2.72826920729131,-1.42608476150781
1.56600469211116,-1.4611831051297501
-0.8007561275735501,-2.7691830242983997
2.87827680120245,-1.99178611906245
-0.8430141396820551,-3.78092302242294
0.9507300262339409,-3.83531423937529
-0.659262038767338,-2.79750743322074
0.188284040894359,1.12050652736798
2.165479473304,-1.55423736618832
-0.363001018296927,-3.0517662651836903
1.6058098305948099,-0.305517403874546
0.507799558807164,-3.9694017916917796
1.91884934343398,-1.29676465597004
0.6273367288522421,-3.2134306379593904
-0.0341952056623995,1.2602637056261299
0.0946053550578654,-2.10120244883001
-0.34959371387958504,-3.1539434525184302
2.68966924864799,-1.59180823341012
-0.168554697185755,-3.76409672573209
-0.533520524855703,-3.68947172816843
1.5674235536716898,-0.869069238658994
-2.44155237870291,-0.8628624919801949
1.72934205597267,-1.37745838193223
1.30982345156372,-1.92659128038213
2.49127243459225,-1.18916700966656
-0.126806940417737,-3.0083310022018797
1.6438747514039298,-0.256002352572978
2.0594281828962298,-0.9911203780211508
2.9584074602462405,-1.23212665691972
0.0299312695860863,-2.09432574082166
-2.40919983899221,-0.12473533535376198
